article_id,publisher,url,published_at,title,body_text,bias_label_praveen,bias_label_ashini,bias_label_dinithi,annotator_count
06c03615-b9c1-5e12-a6b7-57cb4585038e,BBC Sinhala,https://www.bbc.com/sinhala/articles/c2kxlpv75k5o,2025-01-08 00:00:00+00:00,ඔබේ බැංකු තැන්පතුවලින් අය කෙරෙන රැඳවුම් බද්දට ආණ්ඩුව කරන්න යන්නේ කුමක් ද?,"ඔබේ බැංකු තැන්පතුවලින් අය කෙරෙන රැඳවුම් බද්දට ආණ්ඩුව කරන්න යන්නේ කුමක් ද?
බැංකු තැන්පතු සඳහා වන රැඳවුම් බද්ද සම්බන්ධයෙන් ශ්‍රී ලාංකික ජනතාවගේ දැඩි අවධානයක් මේ වන විට යොමු වී තිබේ.

ඒ, දැනට පවතින 5%ක රැඳවුම් බද්ද 10%ක් දක්වා ඉහළ දැමීමට සැලසුම් කර ඇතැයි ජනාධිපති අනුර කුමාර දිසානායක ප්‍රකාශයට පත් කිරීමත් සමග ය.

බැංකු තැන්පතු සඳහා වන රැඳවුම් බද්ද සම්බන්ධයෙන් ගෙන ඇති තීරණය පිළිබඳව ජනාධිපති අනුර කුමාර දිසානායක මාධ්‍යවේදීන් හමුවේ මහනුවරදී පැහැදිලි කළේ මෙසේ ය.

""රැඳවුම් බද්ද 5%ක් තිබුණ බද්ද 10%ක් දක්වා වැඩි කළා. කවුරුන් හෝ තැන්පත්කරුවෙක් ස්ථිර තැන්පතුවකට මාසෙකට රුපියල් ලක්ෂ එක හමාරකට වැඩියෙන් පොළියක් ගන්නවා නම් එතකොට ලක්ෂ 18ක් ඔහු පොළී ආදායම ලබා ගන්නවා. එහෙම ගිණුමක් නැතිව ඇති ඔබට. හැබැයි එහෙම අයට දේශීය ආදායම් දෙපාර්තමේන්තුවට ගිහින් කියන්න පුළුවන් මම ලක්ෂ 18ක ආදායමක් උපයන්නෙ නෑ, ඒ නිසා මේ බද්ද ගැනීම මගෙන් නොකළ යුතු යි කියලා ඉල්ලීමක් කරනවා නම් ඒ අයගේ රැඳවුම් බද්ද ගන්නෙ නෑ. ඒ නිසා විශ්‍රාමිකයන්, වැඩිහිටියන් යම් මුදල් ප්‍රමාණයක් යොදවලා බැංකුවේ ඒ පොළියෙන් ජීවත් වෙනවා නම් කිසිසේත් ම අසීරුතාවට වැටෙන්නෙ නැහැ මේ රැඳවුම් බද්ද වැඩි කිරීම හරහා,"" ජනාධිපතිවරයා සඳහන් කළේ ය.

ඒ අනුව, දැනට පවතින රැඳවුම් බද්ද දෙගුණයකින් වැඩි කිරීමට සැලසුම් කර තිබේ.

මේ වන විට ක්‍රියාත්මක වන රැඳවුම් බද්ද අනුව එය ක්‍රියාත්මක කිරීමේ සීමා නොපවතින බව දේශීය ආදායම් දෙපාර්තමේන්තුව පවසයි.

එනම්, ඕනෑ ම බැංකු තැන්පතුවක් සඳහා ලැබෙන පොළී මුදලක් වෙනුවෙන් 5%ක බද්දක් අය කර ගැනේ.

දේශීය ආදායම් දෙපාර්තමේන්තුවේ නියෝජ්‍ය කොමසාරිස් නිහාල් විජේවර්ධන බීබීසී සිංහල සේවයට ප්‍රකාශ කළේ, බැංකු මුදල් තැන්පතුවකින් ලැබෙන පොළී මුදල් දෙවන ආදායම් ප්‍රභවයක් ලෙස සලකන බව ය.

ඒ අනුව, උපයන විට බද්ද ගෙවීමෙන් පසුව ද, බැංකු තැන්පතු පොළිය වෙනුවෙන් රැඳවුම් බද්දක් අය කෙරෙන බව ඔහු පැවසීය.

බැංකු තැන්පතුවල පොළී මත අයකෙරෙන රැඳවුම් බදු ආපසු ගෙවන අවස්ථා කිහිපයක් ඇතැයි ද දේශීය ආදායම් දෙපාර්තමේන්තුවේ නියෝජ්‍ය කොමසාරිස් නිහාල් විජේවර්ධන පැවසීය.

""සාමාන්‍යයෙන් ජ්‍යෙෂ්ඨ පුරවැසියන්ගෙන් සහ වාර්ෂික ආදායම ලක්ෂ 12ට අඩු පුද්ගලයින්ගෙන් අය කෙරෙන රැඳවුම් බද්ද අපි මාසිකව ආපසු ගෙවීමේ ක්‍රමවේදයක් පවත්වාගෙන යනවා.""

මොකක් ද මේ Tax Return? බදු වාර්තා ගොනු කරන්න බැරිවුණු දහස් ගණනකට කුමක් වෙයි ද?

කෙසේ වෙතත්, වයස අවුරුදු 65ට අඩු පුද්ගලයින් සහ අඩු ආදායම් ලබන පුද්ගලයින් සතු බැංකු තැන්පතුවලින් රැඳවුම් බද්ද අය කර ගැනීම නොකළ යුතු බව සිතන්නේ නම් වාර්ෂික බදු වාර්තාව සමග ඉල්ලීමක් ඉදිරිපත් කළහොත් ආපසු ගෙවීමට ක්‍රමවේදයක් ඇති බව ද ඔහු පැවසීය.

මේ පිළිබඳව වැඩිදුර තොරතුරු දැන ගැනීම සඳහා 1944 දුරකතන අංකය ඇමතිය හැකි ය.

කෙසේ වෙතත්, අය කර ගත් රැඳවුම් බද්ද ආපසු ගෙවීමේදී සතියකට වඩා කල් ගත වේ නම් ඊට පොළියක් ගෙවිය යුතු බව පාර්ලිමේන්තු මන්ත්‍රී ආචාර්ය හර්ෂ ද සිල්වා ඊයේ (ජන:07) පාර්ලිමේන්තුවේදී ප්‍රකාශ කළේ ය.

මේ අතර, ආදායම් බදු වලට යටත් නොවන විශ්‍රාමිකයින්ගෙන් අය කරන රඳවා ගැනීමේ බදු නැවත ඔවුන්ට ලබා දීම සඳහා පහසු ක්‍රියාවලියක් සැකසීමේ වැදගත්කම ද ජනාධිපතිවරයා අවධාරණය කර තිබේ.

ජනාධිපති මාධ්‍ය අංශය සඳහන් කළේ, ජනාධිපති අනුර කුමාර දිසානායක සහ මුදල් අමාත්‍යාංශයේ නිලධාරීන් අතර සාකච්ඡාවක් ජනවාරි 07 පෙරවරුවේ ජනාධිපති කාර්යාලයේ දී පැවැත්වූ අවස්ථාවේදී ජනාධිපතිවරයා මේ බව අවධාරණය කළ බවය.

රැඳවුම් බද්ද සම්බන්ධයෙන් ජනාධිපති සහ මුදල් ඇමති අනුර කුමාර දිසානායක කළ ප්‍රකාශය සහ ආර්ථික සංවර්ධන නියෝජ්‍ය අමාත්‍ය මහාචාර්ය අනිල් ජයන්ත ප්‍රනාන්දු කළ ප්‍රකාශය අතර පරස්පරයක් ඇතැයි මාධ්‍ය වාර්තාවල පළ වී තිබිණි.

රැඳවුම් බද්ද සියයට 5 සිට 10 ක් දක්වා වැඩි කළ බවත්, රුපියල් ලක්ෂ එක හමාරක මාසික පොළියක් ලැබෙන තැන්පතු සඳහා පමණක් මේ බද්දට යටත් වන බවත් ජනාධිපති අනුර කුමාර දිසානායක මහනුවරදී මාධ්‍යවේදීන් හමුවේ පැවසූ බව මාධ්‍ය වාර්තා කර තිබිණි.

අවුරුදු 18 සම්පූර්ණ සියලු දෙනා බදු ලිපිගොනු විවෘත කළ යුත්තේ ඇයි?

කෙසේ වෙතත්, 10%ක රැඳවුම් බද්ද සියලු බැංකු තැන්පතු ගිණුම්වලින් කපා ගන්නා බව කම්කරු ඇමති හා ආර්ථික සංවර්ධන නියෝජ්‍ය අමාත්‍ය මහාචාර්ය අනිල් ජයන්ත ප්‍රනාන්දු දෙසැම්බර් 26 වන දා මාධ්‍ය හමුවකදී පිළිගත්තේ ය.

එසේ බදු අය කර ගත්ත ද, බදු නොගෙවිය යුතු අයට එම මුදල් නැවත ගෙවන යාන්ත්‍රණය රජය විසින් ඉදිරියේදී ඉදිරිපත් කරන බව ඔහු ප්‍රකාශ කළේ, මාධ්‍යවේදීන් විමසූ ප්‍රශ්නවලට පිළිතුරු දෙමිනි.

මේ අතර, රැඳවුම් බද්ද 10% දක්වා වැඩි කිරීම ලබන අප්‍රේල් 1 වැනිදා සිට ක්‍රියාත්මක වන බව කැබිනට් මාධ්‍ය ප්‍රකාශක අමාත්‍ය නලින්ද ජයතිස්ස ඊයේ (ජනවාරි 7 වැනිදා) පැවති කැබිනට් තීරණ දැනුම් දීමේ මාධ්‍ය හමුවේදී ප්‍රකාශ කළේය.

යෝජිත රැඳවුම් බද්ද ක්‍රියාත්මක කළ හැක්කේ, පවතින ආදායම් බදු පනත සංශෝධනය කිරීමෙන් පසුව බව දේශීය ආදායම් දෙපාර්තමේන්තුවේ නියෝජ්‍ය කොමසාරිස් නිහාල් විජේවර්ධන පැවසීය.

එහෙයින්, ඉදිරි ක්‍රියාමාර්ග පිළිබඳව පැහැදිලි කිරීමට තමන්ට හැකියාවක් නැතැයි ඔහු ප්‍රකාශ කළේ ය.

ශ්‍රී ලංකාවේ බැංකුවල තැන්පතු ගිණුම් මිලියන 65ක් ඇතැයි ශ්‍රී ලංකා මහ බැංකුවේ අධිපති ආචාර්ය නන්දලාල් වීරසිංහ රූපවාහිනී සාකච්ඡාවකදී අනාවරණය කළේ ය.

ඔහු ප්‍රකාශ කළේ, එම ගිණුම්වල ඇති තැන්පතු මුදල රුපියල් ට්‍රිලියන 17ක් බව ය.

2025 සිට ආර්ථික ස්ථායීතාව වෙනුවෙන් ශ්‍රී ලංකා මහ බැංකුව කරන්න යන දේ
",Far Left,,Center,2
0f57418f-34c2-5ca7-aa74-bf51d37047b7,BBC Sinhala,https://www.bbc.com/sinhala/articles/c2em71977wxo,2025-10-17 00:00:00+00:00,ඉන්දු - චීන රාජ්‍ය නායකයින් අගමැති හරිනිට දුන් පොරොන්දු මොනවා ද?,"ඉන්දු - චීන රාජ්‍ය නායකයින් අගමැති හරිනිට දුන් පොරොන්දු මොනවා ද?

ඉන්දු - චීන රාජ්‍ය නායකයින් අගමැති හරිනිට දුන් පොරොන්දු මොනවා ද?

අග්‍රාමාත්‍ය ආචාර්ය හරිනි අමරසූරිය ආසියාවේ බලවත් ම රටවල් දෙකක් වන චීනයේ සහ ඉන්දියාවේ සංචාරය කිරීම සම්බන්ධයෙන් බොහෝ දෙනෙකුගේ අවධානය යොමු තිබේ. එම සංචාරය වැදගත් වන්නේ, ශ්‍රී ලංකාව සමග දීර්ඝ කාලීන මිත්‍රත්වයක් පවත්වාගෙන යන රටවල් දෙකක් වන හෙයිනි.

ආචාර්ය හරිනි අමරසූරිය, අග්‍රාමාත්‍ය ධූරයට පත්වීමෙන් පසු චීනයේ සහ ඉන්දියාවේ නිල සංචාරයක නිරත වන්නේ පළමු වරට ය.

අගමැතිවරිය සිය චීන සංචාරයේදී එරට ජනාධිපති ෂී ජින් පින් සහ මහජන චීන සමූහාණ්ඩුවේ රාජ්‍ය කවුන්සිලයේ අග්‍රාමාත්‍ය ලී ච්‍යං ඇතුළු ජ්‍යෙෂ්ඨ නායකයින් කිහිප දෙනෙකු සමග ද්විපාර්ශ්වික සාකච්ඡාවල නිරත විය.

මහජන චීන සමූහාණ්ඩුවේ ආරාධනයෙන්, 2025 කාන්තා ගෝලීය නායකයින්ගේ සමුළුවට සහභාගී වීම සඳහා අග්‍රාමාත්‍ය ආචාර්ය හරිනි අමරසූරිය චීනයට ළඟා වූයේ, ඔක්තෝබර් 12 වන දා ය.

ශ්‍රී ලංකාවේ කාන්තාවන් සහ ගැහැනු දරුවන්ගේ අයිතිවාසිකම් සහ යහපැවැත්ම වැඩි දියුණු කිරීමට මෙන් ම ඔවුන්ගේ ගෞරවය සහ සමානාත්මතාව සඳහා වන අයිතිවාසිකම් ආරක්ෂා කිරීමටත්, පවතින මූලධර්ම ප්‍රායෝගික ක්‍රියාමාර්ග බවට පරිවර්තනය කිරීමටත් කැපවී සිටින බව අග්‍රාමාත්‍ය ආචාර්ය හරිනි අමරසූරිය, කාන්තා ගෝලීය නායකයින්ගේ සමුළුවට එක්වෙමින් ප්‍රකාශ කළා ය.

බීජිං නුවර චීන ජාතික සම්මේලන මධ්‍යස්ථානයේ පැවති 2025 කාන්තාවන් පිළිබඳ ගෝලීය නායකයින්ගේ සමුළුවේ සමාරම්භක උත්සවයට සහභාගි වෙමින් අග්‍රාමාත්‍යවරිය මෙම අදහස් පළ කළා ය.

සෑම මට්ටමකදී ම කාන්තා නියෝජනය සහතික කිරීමට නායකත්ව කටයුතු සහ තීරණ ගැනීමේදී කාන්තා සහභාගීත්වය වැඩි කිරීම සඳහා මෙන් ම ස්ත්‍රී පුරුෂ සමානාත්මතාව සහ කාන්තා සවිබල ගැන්වීම පිළිබඳ ජාතික ප්‍රතිපත්තිය සහ කාන්තාවන්, සාමය සහ ආරක්ෂාව පිළිබඳ ජාතික ක්‍රියාකාරී සැලැස්ම (2023–2027) ක්‍රියාත්මක කිරීම සඳහා ජාතික වශයෙන් ක්‍රියාත්මක වන කැපවීම අග්‍රාමාත්‍යවරිය තවදුරටත් මෙහිදී අවධාරණය කළා ය.

""1995 බීජිංහි පැවති කාන්තාවන් පිළිබඳ ලෝක සමුළුවෙන් වසර තිහකට පසුව වුවත් අපි තවමත් ස්ත්‍රී පුරුෂ සමානාත්මතාව ළඟා කර ගන්න එම පුළුල් රාමුව තවමත් යොදා ගන්නවා. අපි මේ වන විට සැබෑ ප්‍රගතියක් ළඟා කරගෙන තියෙනවා. කාන්තා සාක්ෂරතාව සැලකිය යුතු ලෙස ඉහළ ගිහින් තිබෙනවා, මාතෘ මරණ සංඛ්‍යාව අඩකින් පමණ අඩු වෙලා වගේ ම ගෝලීය ආයු අපේක්ෂාව 1995 දී අවුරුදු 69 ලෙස පැවති එය 2023 දී අවුරුදු 76 දක්වා වැඩි වෙලා තියෙනවා. එහෙත් තවමත් අවධානය යොමු නොවූ අංශ ගණනාවක් තියෙනවා.""

""ශ්‍රම බළකායේ කාන්තා සහභාගීත්වය සලකා බැලීමේදී පිරිමි සහභාගීත්වය 73% වන විට ඊට සාපේක්ෂව කාන්තා සහභාගීත්වය 48.7% ක් පමණයි, විද්‍යා හා තාක්ෂණ ක්ෂේත්‍රවල අඩු කාන්තා නියෝජනය ඇති අතර කාන්තා ප්‍රතිශතය උපාධිධාරීන්ගෙන් 35% ක් පමණයි, කාන්තාවන්ට බලපා ඇති ආහාර අනාරක්ෂිතභාවය සැලකීමේදී පිරිමින්ට වඩා කාන්තාවන් මිලියන 47.8 ක් මධ්‍යස්ථ හෝ වැඩි ආහාර අනාරක්ෂිතභාවයකට මුහුණ දී සිටිනවා.ඒ වගේ ම දේශපාලන සමානාත්මතාව අත් කරගැනීමේදී පවතින්නේ ඉතාමත් මන්දගාමී ගමනක්. ඒ නිසා කාන්තාවන්ගේ සංවර්ධනය කියන්නේ අධ්‍යාපනය, සෞඛ්‍යය, ආර්ථිකය, දේශපාලනය, සමාජය සහ සංස්කෘතිය හරහා සිදුවිය යුතු සාකල්‍ය ක්‍රියාවලියක්,"" සමුළුව අමතමින් අග්‍රාමාත්‍ය ආචාර්ය හරිනි අමරසූරිය පැවසීය.

කම්කරු පන්තියේ සහ ආන්තිකකරණයට ලක්වූ ප්‍රජාවන්ගෙන් පැමිණෙන කාන්තාවන් ඇතුළු විවිධ සමාජ පසුබිම්වල සිටින කාන්තාවන්ගේ නියෝජනය තහවුරු කිරීමට පවතින ගැටලු සඳහා විසඳුම් සෙවීමට ශ්‍රී ලංකා රජයේ ඇති කැපවීම අග්‍රාමාත්‍යවරිය තහවුරු කළා ය.චීනයේ නිල සංචාරයක නිරත අග්‍රාමාත්‍ය ආචාර්ය හරිනි අමරසූරිය සහ චීන ජනාධිපති ෂී ජින් පින් අතර හමුවක් සිදුවිය. එහිදී චීන ජනාධිපතිවරයා සහතික කළේ, වෙළෙඳ, සංචාරක, අධ්‍යාපන ක්ෂේත්‍රවල සබඳතා ශක්තිමත් කිරීමට ශ්‍රී ලංකාවට අඛණ්ඩ සහයෝගයක් ලබා දෙන බව ය.

ශ්‍රී ලංකාව සහ චීනය අතර ඇති සහයෝගීතාව තවදුරටත් ශක්තිමත් කිරීම,  දිගුකාලීන මිත්‍රත්වය සහ බහුවිධ සහයෝගීතාව තවදුරටත් තහවුරු කිරීම කෙරෙහි මෙම සාකච්ඡාවේදී වැඩි අවධානය යොමු වූ බව අග්‍රාමාත්‍ය මාධ්‍ය ඒකකය සඳහන් කළේ ය.

දිගු කලක් පුරා දෙරට අතර පවතින මිත්‍රත්වය සඳහන් කරමින්, චීනයේ නවීකරණය පිළිබඳ ජනාධිපති ෂී ජින් පින්ගේ දැක්ම චීනයට පමණක් නොව අනෙකුත් ජාතීන්ට ද අදාළ වන බව පැවසූ අග්‍රාමාත්‍යවරිය, මානව වර්ගයා සඳහා පොදු අනාගතයක් ගොඩනැගීමේ වැදගත්කම පිළිබඳව මෙහිදී අවධාරණය කළා ය.

මෙහිදී ශ්‍රී ලංකාවේ ව්‍යාපෘති හරහා ලබා ඇති ප්‍රගතිය ඉස්මතු කළ අග්‍රාමාත්‍යවරිය, චීනය, ශ්‍රී ලංකාවේ වැදගත් සංවර්ධන හවුල්කරුවෙකු ලෙස 'එක් තීරයක් එක් මාවතක්' ව්‍යාපෘතිය තුලින් ශ්‍රි ලංකාවට චීන රජයේ අඛණ්ඩ සහාය බලාපොරොත්තු වන බව ද පවසා සිටියා ය.

ශ්‍රී ලංකා ආර්ථිකය අත් කරගෙන ඇති මෑතකාලීන ජයග්‍රහණ සඳහා ශ්‍රී ලංකා ජනාධිපතිවරයාට සහ රජයට සිය සුබ පැතුම් එක් කළ චීන ජනාධිපතිවරයා, දෙරට අතර පවතින සහයෝගීතාව ඉදිරියට ගෙන යාමේ වැදගත්කම අවධාරණය කරමින් වෙළෙඳ, සංචාරක, අධ්‍යාපනය සහ ජනතාව සමග සබඳතා ශක්තිමත් කිරීමට ශ්‍රී ලංකාවට අඛණ්ඩ සහයෝගය ලබා දෙන බව සහතික කළේ ය.

සමකාලීන ගෝලීය පාලනයේ වැදගත් කාර්යභාරයක් ඉටු කරන චීන ජනාධිපතිවරයාගේ ගෝලීය පාලන මුලපිරීම සඳහා ශ්‍රී ලංකාව සිය සහයෝගය ලබා දෙන බව අග්‍රාමාත්‍ය ආචාර්ය හරිනි අමරසූරිය අවධාරණය කළා ය.

මේ අතර මහජන චීන සමූහාණ්ඩුවේ රාජ්‍ය කවුන්සිලයේ අග්‍රාමාත්‍ය ලී ච්‍යං අතර බීජිංහිදී සිදුවූ හමුවේදී අගමැති ආචාර්ය හරිනි අමරසූරිය පැවසුවේ, සිය පළමු චීන නිල සංචාරය හරහා දෙරටේ වෙළෙඳාම, ආයෝජන, සංචාරක, සංස්කෘතිය සහ ජනතාව අතර ද්විපාර්ශවීය සබඳතා තවදුරටත් ශක්තිමත් කිරීමට අවස්ථාවක් ලැබෙන බව ය.

ආර්ථික සහයෝගීතාව සම්බන්ධයෙන්, නිල ණය හිමි කමිටුවේ සාමාජිකයින් සමග ණය ප්‍රතිව්‍යුහගත කිරීමේ මෑතකාලීන ප්‍රගතිය ඇතුළුව ශ්‍රී ලංකාවේ සාර්ව ආර්ථික ස්ථාවරත්වය සහ වර්ධන ගමන් පථය පිළිබඳව මෙහිදී අග්‍රාමාත්‍ය ආචාර්ය හරිනි අමරසූරිය විසින් චීන අග්‍රාමාත්‍යවරයාට පැහැදිලි කළ අතර, ඒ සඳහා චීනය විසින් ලබා දෙන අඛණ්ඩ සහයෝගය පැසසුමට ලක් කළා ය.

චීනයේ එක් තීරයක් එක් මාවතක් (BRI) ව්‍යාපෘතිය යටතේ ලැබෙන අඛණ්ඩ සහයෝගීතාවය පිළිගත් අග්‍රාමාත්‍යවරිය, ප්‍රධාන සංවර්ධන හවුල්කරුවෙකු ලෙස චීනයේ භූමිකාව අවධාරණය කරමින් ජාතික හා කලාපීය සම්බන්ධතාවයට සහ සමාජ-ආර්ථික සංවර්ධනයට දායක වන අඛණ්ඩ සහ යෝජිත ව්‍යාපෘති පිළිබඳ සඳහන් කළා ය.

අනුර ජනපති වී වසරයි: මැතිවරණ පොරොන්දුවලට දැන් සිදුව ඇත්තේ කුමක් ද?

කාර්මික සංවර්ධනය ශක්තිමත් කිරීම සඳහා සහයෝගීතාව සහ කාර්මික හා සැපයුම් දාම සහයෝගීතාව පිළිබඳ 2025 මැයි මාසයේ ඇති කරගත් අවබෝධතා ගිවිසුමට අනුගත වෙමින් ආයෝජන හෝ රාජ්‍ය-පෞද්ගලික හවුල්කාරිත්ව ක්‍රමවේද යටතේ හම්බන්තොට ඇසුරුම් මධ්‍යස්ථානයක් පිහිටුවීමට සිදු කළ යෝජනාව ඇතුළුව, වෙළඳාම සහ ආයෝජන සඳහා අවස්ථා පිළිබඳ අග්‍රාමාත්‍යවරිය මෙහිදී සඳහන් කළා ය.

පොහොර සැපයුම් ඇතුළුව දේශීය නිෂ්පාදනය සඳහා යෙදවුම් සඳහා පහසුකම් සැලසීමේ පියවර පිළිබඳව ද අග්‍රාමාත්‍යවරිය අග්‍රාමාත්‍ය  ලී ච්‍යං සමඟ සාකච්ඡා කළ අතර චීන වෙළඳපොළ තුළ ශ්‍රී ලංකාවේ ස්වර්ණාභරණ අංශයට සහයෝගය ලබාගත හැකි මාර්ග පිළිබඳ අවදානය යොමු කළා ය.

මේ අතර චීන මහජන දේශපාලන උපදේශන සමුළුවේ ජාතික කමිටුවේ සභාපති සහ අග්‍රාමාත්‍ය හරිනි අමරසූරිය අතර හමුවක් ද සිදුවිය.

සිය සිව්දින චීන නිල සංචාරය නිමවා ඔක්තෝම්බර් 15 වන දා රාත්‍රියේ නැවත දිවයිනට පැමිණි අගමැති හරිනි අමරසූරිය ඉන්දියාවේ දෙදින නිල සංචාරයක් සඳහා නැවත ඔක්තෝබර් මස 15 වන දා පිටත් විය.

ඉන්දීය සංචාරය අතරතුර, දෙරට අතර සහයෝගීතාව තවදුරටත් ශක්තිමත් කර ගැනීම අරමුණු කර ගනිමින් අග්‍රාමාත්‍ය හරිනි අමරසූරිය සහ ඉන්දීය අග්‍රාමාත්‍ය නරේන්ද්‍ර මෝදි සහ තවත් ජ්‍යෙෂ්ඨ ඉන්දීය දේශපාලන නායකයින් කිහිප දෙනෙකු සමග ද්විපාර්ශ්වික සාකච්ඡා පැවැත්වීමට නියමිත ය.

අග්‍රාමාත්‍ය හරිනි අමරසූරිය, 2025 NDTV ගෝලීය සමුළුව සඳහා ද සහභාගී වීමට නියමිත අතර එහිදී අග්‍රාමාත්‍යවරිය සමුළුවේ ප්‍රධාන දේශනය පවත්වනු ඇත.

මෙම සමුළුව හරහා ගෝලීය නායකයින්, ප්‍රතිපත්ති සම්පාදකයින් සහ චින්තන නායකයින් එක තැනකට එක් වී ජාත්‍යන්තර අභියෝග සහ නැගී එන අවස්ථා පිළිබඳව සාකච්ඡා කරනු ඇත.

අධ්‍යාපනය, උසස් අධ්‍යාපනය සහ වෘත්තීය අධ්‍යාපන අමාත්‍යවරිය ලෙස, අග්‍රාමාත්‍යවරිය අධ්‍යාපනය, නවෝත්පාදනය සහ තාක්‍ෂණය පිළිබඳ සහයෝගීතාව සඳහා අවස්ථා පුළුල් කර ගැනීම අරමුණු කර ගනිමින් දිල්ලියේ පිහිටි ඉන්දියානු තාක්ෂණ ආයතනය (IIT) සහ NITI Aayog සංවර්ධන සහ පර්යේෂණ ආයතනය නැරඹීමට ද එක් වීමට නියමිත ය.

මේ අතර අග්‍රාමාත්‍ය හරිනි අමරසූරිය, නවදිල්ලියේදී ඉන්දීය විදේශ කටයුතු අමාත්‍ය ආචාර්ය එස්. ජයිශංකර් හමුවිය.

එහිදී ආර්ථික සහයෝගීතාව, සම්බන්ධතා ශක්තිමත් කිරීම, ඩිජිටල් පරිවර්තනය, සහ අධ්‍යාපනය කෙරෙහි අවධානය යොමු කරමින් ශ්‍රී ලංකාව සහ ඉන්දියාව අතර බහුවිධ හවුල්කාරිත්වය තවදුරටත් ශක්තිමත් කිරීම පිළිබඳව සාකච්ඡා කර තිබේ.

අභියෝගාත්මක කාලවලදී ඉන්දියාව ශ්‍රී ලංකාවට දක්වන ලද සහයෝගය අගය කළ අග්‍රාමාත්‍යවරිය, කලාපයේ සමීප අසල්වැසියෙකු සහ දිගුකාලීන හවුල්කරුවෙකු ලෙස ඉන්දියාව සමඟ සහයෝගීතාව ඉදිරියට ගෙන යාමට ශ්‍රී ලංකාව කටයුතු කරන බව පැවසු බව අගමැති මාධ්‍ය ඒකකය වාර්තා කර තිබේ.

ශ්‍රී ලංකා රජයේ සංවර්ධන න්‍යාය පත්‍රය යටතේ ඩිජිටල්කරණය, තාක්ෂණ හුවමාරුව සහ නවෝත්පාදනය යන ක්ෂේත්‍රවල සහයෝගීතාව වැඩි දියුණු කිරීම පිළිබඳව මෙහිදී දෙපාර්ශ්වය සාකච්ඡා කළ අතර නිෂ්පාදනය, යටිතල පහසුකම් සංවර්ධනය, අධ්‍යාපනය සහ පර්යේෂණ සේවා ක්ෂේත්‍රයන්හි ඉන්දීය ආයෝජන කටයුතු සඳහා ශ්‍රී ලංකාව තුළ පවතින අවස්ථා පිළිබඳ අදහස් දැක් වූ අග්‍රාමාත්‍යවරිය, ද්විපාර්ශ්වික වෙළඳාම තවදුරටත් ශක්තිමත් කිරීම සඳහා ශ්‍රී ලංකාව උනන්දුවක් දක්වන බවද  ප්‍රකාශ කළා ය.

මේ අතර, දිල්ලි හින්දු විද්‍යාලයේ ආදි ශිෂ්‍යාවක වන අග්‍රාමාත්‍ය හරිනි අමරසූරිය, මෙම සංචාරය අතරතුර ඇය ඉගෙනුම ලැබූ දිල්ලියේ පිහිටි හින්දු විද්‍යාලය නැරඹීමට ද එක් විය.",Left,Left,Far Left,3
12809370-8889-54f0-b5c5-f28b59d688de,Lanka Deepa,https://www.lankadeepa.lk/news/සරකෂ-රකෂණය-යළත-එය/101-685754,2025-12-23 00:00:00+00:00,සුරක්ෂා රක්ෂණය යළිත් එයි,"සුරක්ෂා රක්ෂණය යළිත් එයි

සුරක්ෂා සිසු රක්ෂණාවරණය වැඩසටහන 2025/26 වර්ෂයේ ක්‍රියාත්මක කිරීමට කැබිනට් අනුමැතිය ලැබී ඇත.

විවිධ සෞඛ්‍ය ගැටලු හේතුවෙන් අධ්‍යාපන කටයුතු වලට බාධා මතු වන සිසුන්ට අඛණ්ඩව සිය අධ්‍යාපන කටයුතු පවත්වාගෙන යාමට පහසුකම් සැපයීමේ අරමුණින් ක්‍රියාත්මක ' සුරක්ෂා සිසු රක්ෂණාවරණ වැඩසටහන ක්‍රියාත්මක කිරීම පිණිස අධ්‍යාපන, උසස් අධ්‍යාපන සහ වෘත්තීය අධ්‍යාපන අමාත්‍යාංශය විසින් ශ්‍රී ලංකා ඉක්ෂුවරන්ස් කෝපරේෂන් ජෙනරල් ලිමිටඩ් සමඟ ගිවිසුම්ගත වී ඇත. එමඟින්, රජයේ පාසල්, රජයේ අනුමත පෞද්ගලික පාසල්, පිරිවෙන් සහ උපකෘත විශේෂ පාසල්වල ඉගෙනුම ලබන සිසුන් ලක්ෂ 40 කට පමණ සෞඛ්‍ය රක්ෂණාවරණය, අනතුරු රක්ෂණාවරණය සහ ජීවිත රක්ෂණාවරණය යන කාණ්ඩ යටතේ ප්‍රතිලාභ ලබා ගැනීමට අවස්ථාව සලසා දී ඇත.

මෙම වැඩසටහන ක්‍රියාත්මක කිරීමේදී හඳුනාගනු ලැබ ඇති ගැටලු ද සැලකිල්ලට ගෙන, පහත සඳහන් සංශෝධන ඇතුළත් කරමින් 'සුරක්ෂා සිසු රක්ෂණාවරණ වැඩසටහන 2025/26 වර්ෂය තුළ ක්‍රියාත්මක කිරීම සඳහා පියවර ගනු ලබන බවට සහ ඒ අනුව, අදාළ චක්‍රලේඛ උපදෙස් නිකුත් කිරීමට කටයුතු කරන බවට අධ්‍යාපන, උසස් අධ්‍යාපන සහ වෘත්තීය අධ්‍යාපන අමාත්‍ය වශයෙන්  අග්‍රාමාත්‍යවරිය  ඉදිරිපත් කළ කරුණු සැලකිල්ලට ගෙන ඒ සඳහා අමාක්‍ය මණ්ඩලයේ එකඟතාව ලබා දෙන ලදී.

*2025/26 වර්ෂයට අදාළව ' සුරක්ෂා සිසු රක්ෂණාවරණ වැඩසටහන 2026-08-31 දින දක්වා ක්‍රියාත්මක කිරීම.

*මාපිය මරණ ප්‍රතිලාභය ලබා දීමේදී සලකා බලනු ලබන අඩු ආදායම්ලාභි කාණ්ඩයේ වාර්ෂික ආදායම රුපියල් 180,000/- සිට රුපියල් 240,000/- ලෙස සංශෝධ්‍යාය කිරීම.

*කොඳු ඇට පෙළ විකෘති වීම නිවැරදි කිරීම සඳහා පළඳින උපාංගය (Scoliosis Brace)  (Cochlea Equipment) සඳහා රුපියල් 75,000/- ක් දක්වා ප්‍රතිලාභ ලබා දීම.

*අසාධ්‍ය රෝග කාණ්ඩයට අයක් රෝග සඳහා සහ තවත් හඳුනාගක් රෝග 07 ක් සඳහා දීර්ඝකාලීනව ඖෂධ ලබා ගන්නා සිසුන්ට රුපියල් 20,000/- ක් දක්වා ප්‍රතිලාභ ලබා දීම.

*2025-09-01 දින සිට ප්‍රතිලාභ ලබා ගැනීම සඳහා වන හිමිකම් අයදුම්පත් ශ්‍රී ලංකා ඉක්ෂුවරන්ස් කෝපරේෂන් ජෙනරල් ලිමිටඩ් හි ඕනෑම ප්‍රාද්ශීය කාර්යාලයක් වෙත බාර දීමට අවස්ථාව සැලසීම.",,Far Left,Left,2
13afa41a-8a5d-56d9-b6c5-57b2e06d4497,Ada Derana Sinhala,http://sinhala.adaderana.lk/news/199807,2024-08-11 00:00:00+00:00,රාජසන්තක කළ අයි ෆෝන් සහ ලැප්ටොප්,"රාජසන්තක කළ අයි ෆෝන් සහ ලැප්ටොප්

තීරු බදු නොගෙවා නීතිවිරෝධීව මෙරටට ගෙන ආ ජංගම දුරකථන සහ ලැප්ටොප් පරිගණක තොගයක් රාජසන්තක කිරීමට නියෝජ්‍ය රේගු අධ්‍යක්ෂවරයා විසින් පියවර ගෙන තිබේ.

ඊයේ (10) අලුයම 12.30ට පමණ ඩුබායි සිට මෙරටට පැමිණි ගුවන් මගීන් තිදෙනෙකු විසින් මෙම ජංගම දුරකථන සහ ලැප්ටොප් මෙරටට රැගෙනවිත් තිබුණි.

මෙලෙස රැගෙනවිත් ඇත්තේ 'අයි ෆෝන්' 36ක් සහ ලැප්ටොප් පරිගණක 06කි.

ඔවුන් සිය ගමන් මලු තුළ සඟවා මෙම ජංගම දුරකථන සහ පරිගණක පිටතට ගෙන යමින් සිටිය දී කටුනායක ගුවන්තොටුපොළ අපරාධ පරීක්ෂණ දෙපාර්තමේන්තු නිලධාරීන් පිරිසක් විසින් ඔවුන්ව සිය භාරයට ගෙන තිබුණි.

අත්අඩංගුවට ගෙන තිබුණේ කොළඹ, දෙමටගොඩ ප්‍රදේශයේ පදිංචිකරුවන් තිදෙනකු බව සඳහන් ය.

අත්අඩංගුවට පත් තිදෙනා වැඩිදුර විමර්ශන සඳහා කටුනායක ගුවන්තොටුපොළ රේගු නිලධාරීන් වෙත භාර දීමට පියවර ගෙන තිබුණු අතර, එහිදී රේගු පරීක්ෂණයක් සිදුකිරීමෙන් පසු ජංගම දුරකථන සහ ලැප්ටොප් පරිගණක රාජසන්ත කිරීමට පියවර ගෙන තිබේ.

තවද සැකකරුවන් තිදෙනාට රුපියල් ලක්ෂ 16ක දඩ මුදලක් ගෙවීමටත් නියෝජ්‍ය රේගු අධ්‍යක්ෂවරයා නියෝග කර තිබේ.",Left,Right,,2
205fe560-0f27-5ecc-8fb3-cfa6cc74acc0,Ada Derana Sinhala,http://sinhala.adaderana.lk/news/201677,2024-09-30 00:00:00+00:00,මාරක රිය අනතුරු 3ක් - පොලිස් නිලධාරියෙකුටත් දිවි අහිමි වෙයි,"මාරක රිය අනතුරු 3ක් - පොලිස් නිලධාරියෙකුටත් දිවි අහිමි වෙයි

ප්‍රදේශ තුනකදී සිදු වූ යතුරුපැදි අනතුරුවලින් තිදෙනෙකු මියගොස් තවත් තිදෙනෙකු බරපතළ තුවාල ලබා තිබේ.

පොලීසිය සඳහන් කළේ, මෙම මාරක අනතුරු මහදෙණිය, පලාලි සහ ඉබ්බාගමුව යන ප්‍රදේශවලදී සිදුවූ බවය.

ඊයේ (29) පෙරවරුවේ මීගොඩ කොළඹ - පාදුක්ක 125 මාර්ගයේ මහදෙණිය ප්‍රදේශයේ දී මාර්ගය අයිනේ නවතා තිබූ යතුරුපැදියක් එක්වරම මාර්ගයට ගැනීමේ දී පාදුක්ක දෙස සිට ගොඩගම දෙසට ධාවනය වූ යතුරුපැදියක ගැටී සිදු වූ අනතුරින් එක් යතුරුපැදියක් මාර්ගය අසල තිබූ ඇළකට වැටී ඇත.

අනතුරින් යතුරුපැදිකරුවන් දෙදෙනාම බරපතළ තුවාල ලබා හෝමාගම රෝහලට ඇතුළත් කර ප්‍රතිකාර ලබමින් සිටිය දී එක් පැදිකරුවෙකු මියගොස් තිබේ.

එමෙන්ම, ඊයේ උදෑසන පලාලි පේදුරුතුඩුව කන්කසන්තුරය මාර්ගයේ 36 වන කිලෝමීටර් කණුව ආසන්නයේ දී පේදුරුතුඩුව දෙස සිට කන්කසන්තුරය දෙසට ධාවනය වූ යතුරුපැදියක්, පැදිකරුට පාලනය කරගත නොහැකිව මාර්ගයෙන් ඉවතට ගොස් විදුලි රැහැන් කණුවක ගැටී අනතුරක් සිදුව තිබේ.

අනතුරෙන් පැදිකරු සහ පසුපැදිකරු බරපතළ තුවාල ලබා තෙලිප්පලේ රෝහලට ඇතුළත් කර ප්‍රතිකාර ලබමින් සිටිය දී පැදිකරු මියගොස් තිබේ.

එමෙන්ම කුඹුක්ගැටේ ඉබ්බාගමුව මඩගල්ල මාර්ගයේ 05 වන කිලෝමීටර් කණුව අසල දී ඉබ්බාගමුව දෙස සිට මඩගල්ල දෙසට ධාවනය වූ ලංගම බස්රථයක් එම දිශාවටම ඊට ඉදිරියෙන් ධාවනය වූ යතුරුපැදියකට ඉස්සර කිරීමේදී එම යතුරුපැදියේ ගැටී තිබේ.

අනතුරින් යතුරුපැදිකරු සහ පසුපැදිකරු බරපතළ තුවාල ලබා කුරුණෑගල රෝහලට ඇතුළත් කිරීමේ දී පැදිකරු මියගොස් ඇත.

මියගොස් ඇත්තේ 38 හැවිරිදි ඉහළගම, කුඹුක්වැව ප්‍රදේශයේ පදිංචිව සිටි දොරටියාව පොලිස් ස්ථානයට අනුයුක්තව රාජකාරි කළ පොලිස් කොස්තාපල් රියදුරුවරයෙකි.

බස් රථයේ රියදුරු අත්අඩංගුවට ගෙන ඇති අතර කුඹුක්ගැටේ පොලීසිය වැඩිදුර විමර්ශන සිදුකරයි.",,Center,Center,2
36e7a823-feec-58fc-95de-034cd2473a3b,Ada,https://www.ada.lk/breaking_news/රාජ්‍ය-සේවක-වැටුප-රු--20-000ක්-වැඩි-කරන්න-වැට්-බද්ද-සියයට-22ක්-කරන්න-වෙනවා/11-410672,2024-07-08 00:00:00+00:00,"රාජ්‍ය සේවක වැටුප රු. 20,000ක් වැඩි කරන්න වැට් බද්ද සියයට 22ක් කරන්න වෙනවා","රාජ්‍ය සේවක වැටුප රු. 20,000ක් වැඩි කරන්න වැට් බද්ද සියයට 22ක් කරන්න වෙනවා

ලක්ෂ 15ක් පමණ වන රාජ්‍ය සේවකයන් සඳහා රුපියල් 20,000ක වැඩි වීමක් සමග වැටුප් ගෙවීමට වාර්ෂිකව රුපියල් බිලියන 275ක මුදලක් අවශ්‍ය බවත් එය දළ දේශීය නිෂ්පාධිතයෙන් 1%ක් බවත් මුදල් රාජ්‍ය අමාත්‍ය ශෙහාන් සේමසිංහ මහතා කියයි. එම මුදල උපයා ගැනීම සඳහා දැනට පවතින වැට් බදු අනුපාතය 4 %කින්, එනම් බදු අනුපාතය 22% දක්වා ඉහළ නැංවිය යුතු බවයි අමාත්‍යවරයා පෙන්වා දෙන්නේ. මීට අමතරව ආයතනික බදු අනුපාතය 42% මට්ටමට පත් කළ යුතු බවයි අමාත්‍යවරයා සඳහන් කරන්නේ.

කෙනේ එවැනි තත්ත්වයක් යටතේ ආර්ථිකය තවදුරටත් පීඩාවට පත් විය හැකි අතර අයවැය හිඟය වැඩි වීම සේම ණය ප්‍රතිව්‍යුහගත ආපසු හැරවීමේ පියවක් විය හැකි බව සේමසිංහ මහතා පවසයි. ජාත්‍යන්තර මූල්‍ය අරමුදලේ වැඩසටහන මේ හේතුවෙන් අභියෝගයට ලක් විය හැකි අතර රට යළිත් 2022 දී අත්විඳින ලද දරුණු ආර්ථික හා සමාජීය තත්ත්වයන් වෙත ගමන් කිරීම ද සිදු විය හැකි බවයි හෙතෙම පෙන්වා දෙන්නේ. ආර්ථිකය තිරසර වර්ධනය සඳහා  පුද්ගලයෙකුගේම සහ ආයතනයක සහයෝගීතාව අවශ්‍ය වන අතර ජනතාවගේ අඛණ්ඩ සහයෝගය ඇතිව මෙම අභියෝගවලට මුහුණ දෙමින් වඩාත් ශක්තිමත් ආර්ථිකයක් කරා ගමන් කළ හැකි බව සේමසිංහ මහතා වැඩි දුරටත් පවසයි.",Far Left,Right,,2
37f0be5a-eae6-5e49-a554-a002eafc3086,Ada Derana Sinhala,http://sinhala.adaderana.lk/news/213073,2025-08-06 00:00:00+00:00,සාගල නීතිවිරෝධී වත්කම් විමර්ශන කොට්ඨාසයට,"සාගල නීතිවිරෝධී වත්කම් විමර්ශන කොට්ඨාසයට

හිටපු ජනාධිපති රනිල් වික්‍රමසිංහ මහතාගේ කාර්ය මණ්ඩල ප්‍රධානී, හිටපු අමාත්‍ය සාගල රත්නායක මහතා අද (06) පෙරවරුවේ නීතිවිරෝධී වත්කම් විමර්ශන කොට්ඨාසය වෙත පැමිණියේය.",Left,Right,,2
3e08f1d3-c366-5dd1-b3bf-4fac5a8a72c4,BBC Sinhala,https://www.bbc.com/sinhala/articles/cm27g1q6l5eo,2024-11-23 00:00:00+00:00,IMF: නව ආණ්ඩුව සමග පැමිණි එකඟතා මොනවා ද?,"IMF: නව ආණ්ඩුව සමග පැමිණි එකඟතා මොනවා ද?

ශ්‍රී ලංකාවට ලබා දී ඇති විස්තීරණ ණය අරමුදල් පහසුකම (EFF)  යටතේ තුන්වන සමාලෝචනය අවසන් කිරීම සඳහා ආර්ථික ප්‍රතිපත්ති පිළිබඳ කාර්ය මණ්ඩල මට්ටමේ ගිවිසුමකට එළැඹි බව ජාත්‍යන්තර මූල්‍ය අරමුදල අද (නොවැම්බර් 23 වන දා) අනාවරණය කළේය.

මෙම සමාලෝචනය IMF කළමනාකාරිත්වය සහ IMF විධායක මණ්ඩලය විසින් විසින් අනුමත කිරීමෙන් පසු, ශ්‍රී ලංකාවට ඇමෙරිකානු ඩොලර් මිලියන 333 ක් පමණ වන මීළඟ ණය වාරිකය හිමිවනු ඇත.

2023 මාර්තු 20 වැනිදා අනුමත වූ සිව් වසරක මෙම ණය අරමුදල් පහසුකම යටතේ ශ්‍රී ලංකාවට හිමිවන සමස්ත ණය මුදල ඇමෙරිකානු ඩොලර් බිලියන 3කි.

නව ණය වාරිකය ලැබීමත් සමග ම ජාත්‍යන්තර මුල්‍ය අරමුදල  ශ්‍රී ලංකාවට ලබා දී ඇති ණය වාරිකවල සමස්ථ වටිනාකම ඇමෙරිකානු ඩොලර් බිලියන 1.3 දක්වා ඉහළ යනු ඇත.

කොළඹදී මාධ්‍ය හමුවකට එක්වෙමින්, ජාත්‍යන්තර මුල්‍ය අරමුදලේ ජ්‍යෙෂ්ඨ ධූත මණ්ඩල ප්‍රධානී පීටර් බෲවර් මේ බව අනාවරණය කළේය.

වැඩසටහනේ අරමුණු සඳහා නව රජයේ කැපවීම, විශ්වසනීයත්වය වර්ධනයකර ඇති අතර ප්‍රතිපත්ති අඛණ්ඩතාව සහතික කරයි.

මේ දක්වා වැඩසටහන යටතේ අත්පත් කරගත් දුෂ්කර ජයග්‍රහණ ආරක්ෂා කර ගැනීමට සහ ආර්ථිකය කල් පවත්නා පරිදි යථා තත්ත්වයට පත්වීමක් හා ස්ථාවර මෙන්ම සැමට ප්‍රතිලාභ සැලසෙන වර්ධන මාවතක් කරා ගෙනඒම සඳහා ප්‍රතිසංස්කරණ ක්‍රියාවලිය තිරසාර ලෙස පවත්වා ගැනීම ඉතා වැදගත් බව ජාත්‍යන්තර මුල්‍ය අරමුදල සඳහන් කළේය.

2024 ජූනි මාසයයන් අවසන් වන කාර්තු හතර තුළ ශ්‍රී ලංකා ආර්ථිකය පෙර වසරේ අනුරූප කාල පරිච්ඡේදයට සාපේක්ෂව සාමාන්‍යයක් ලෙස සියයට 4කින් වර්ධනය වී තිබේ.

ඉහළ සංඛ්‍යාත දර්ශක මගින් ආර්ථිකයේ සියලු අංශයන්හි අඛණ්ඩ වර්ධනයක් පෙන්නුම් කරයි.

බැඳුම්කර හිමියන් සමඟ ශ්‍රී ලංකාව මෑතකාලීනව ඇතිකරගත් ප්‍රතිපත්තිමය ගිවිසුම ශ්‍රී ලංකාව ණය තිරසාරත්වය කරා යන මාවතට වැදගත් සන්ධිස්ථානයක් බවද ජාත්‍යන්තර මුල්‍ය අරමුදල පැවසීය.

ආදායම් ඒකරාශී කිරීමේ උත්සාහයන් සහ වියදම් සීමා කිරීම අවශ්‍ය වේ. නව බදු නිදහස් කිරීම් වළක්වාගැනීම මගින් රාජ්‍ය ආදායම් අහිමිවීම් සහ දූෂණ අවදානම් අවම කිරීමට සහ සමාජ ආරක්ෂණ වියදම් ඇතුළු වියදම් සඳහා අවශ්‍ය රාජ්‍ය මුල්‍ය ආරක්ෂණ ගොඩනංවා ගැනීමට සහ ශ්‍රී ලංකාවේ වඩාත්ම අවදානමට ලක්විය හැකි කණ්ඩායම්වලට සහාය වීමට උපකාරී වනු ඇත.

ඉන්ධන සහ විදුලි මිල ගණන් පිරිවැය ප්‍රතිසාධන මට්ටමක පවත්වා ගැනීම සහ දිගු කාලයක් පුරා පවත්නා ණය නිරාකරණය කිරීම රාජ්‍ය ව්‍යවසායන්ගෙන් පැන නගින මුල්‍ය අවදානම් අවම කර ගැනීමට උපකාරී කාරී වනු ඇතැයිද ජාත්‍යන්තර මුල්‍ය අරමුදල සඳහන් කළේය.

ජාත්‍යන්තර මුල්‍ය අරමුදලේ ජ්‍යෙෂ්ඨ ධූත මණ්ඩල ප්‍රධානී පීටර් බෲවර් මෙහිදී අවධාරණය කළේ, දිළඳු සහ අවදානමට ලක්වූවන් ආරක්ෂා කිරීමේ වැදගත්කම පිළිබඳව ය.

“මෙම දුෂ්කර අවස්ථාවේ දිළිඳු සහ අවදානමට ලක්වූවන් ආරක්ෂා කිරීමට රජයට වැදගත් වගකීමක් තියෙනවා. සමාජ  ආරක්ෂණ වියදම් සඳහා වැඩසටහනේ අවම වියදම් ඉලක්කය සපුරාලීම සඳහා දරන උත්සාහය දෙගුණ කළ යුතු වනවා. විශේෂයෙන් අස්වැසුම වැනි සමාජ ආරක්ෂණ ආවරණ වැඩි දියුණු කිරීම වැදගත් වෙනවා.” ඔහු කියා සිටියේය.

නව රජයේ ජනවරම දූෂණ අවදානම් ආමන්ත්‍රණය කරමින්, ආර්ථික විශ්වාසය යළි ගොඩනැංවීම සහ වර්ධනය වඩාත් ශක්තිමත් ලෙස පාලන ප්‍රතිසංස්කරණ ක්‍රියාවලිය යළි ප්‍රබෝධමත් කරනු ඇතැයි ජාත්‍යන්තර මුල්‍ය අරමුදල සඳහන් කළේය.

'ඔවුන් එකඟ වෙලා තියෙනවා ඒ වැඩ පිළිවෙල ඒ ආකාරයෙන්ම කරන් යන්න'

වයඹ විශ්ව විද්‍යාලයේ කළමනාකරණ හා මූල්‍ය පීඨයේ මහාචාර්ය අමින්ද මෙත්සිල පෙරේරා කියා සිටියේ, IMF ණය වැඩසටහන යටතේ වන මීළඟ ණය වාරිකය ලබන මසදී මෙරට ට ලැබෙනු ඇති බවය.

“අලුත් ආණ්ඩුව පත්වුණාම ගොඩක් අයට තිබ්බ ප්‍රශ්නය තමා මේ අය ජාත්‍යන්තර මුල්‍ය අරමුදලත් එක්ක යයිද ඒ ආකාරයෙන්ම, ඒක වෙනස් වෙයිද කියලා. දැන් මේ පාර IMF ගනුදෙනුවත් එක්ක අපි දැක්ක දේ තමයි මේ රජයත් කරන්නේ පරණ රජය කරපු දේම තමයි. ඔවුන් එකඟ වෙලා තියෙනවා. ඒ වැඩ පිළිවෙල ඒ ආකාරයෙන්ම කරන් යන්න. ඔවුන් පාර්ලිමේන්තුවේදීත් ඒක තහවුරු කළා."" ඔහු පැවසීය.

2024 ඔක්තෝබර් මාසය වන විට මෙරට විදේශ සංචිත ප්‍රමාණය 6.4කට අධික විය.

මේවන විට සංචාරක කර්මාන්තයෙන් මෙන් ම විදෙස්ගත ශ්‍රමිකයින්ගෙන් මෙරටට ලැබෙන ප්‍රේෂණවල වර්ධනයක් ද දක්නට ලැබෙයි.

මෙම තත්ත්වයත් සමග ආර්ථිකය යම් ආකාරයකට ස්ථාවර වෙමින් ඇතැයි මහාචාර්ය අමින්ද මෙත්සිල පෙරේරා පැවසීය.

",Far Right,Left,Far Left,3
41ec4ab1-962f-5a87-9b8e-bcd2e1314dba,Ada Derana Sinhala,http://sinhala.adaderana.lk/news/213983,2025-08-31 00:00:00+00:00,රාජ්‍ය ආයතනවල භාවිතයට කැබ් රථ 2000ක් ආනයනයට සැලසුම්,"රාජ්‍ය ආයතනවල භාවිතයට කැබ් රථ 2000ක් ආනයනයට සැලසුම්

ලබන වසර මුලදී රාජ්‍ය ආයතන ප්‍රධානීන් සඳහා කැබ් රථ 2000ක් ගෙන්විමට ද සැලසුම් කර ඇති බව පළාත් සභා සහ පළාත් පාලන නියෝජ්‍ය අමාත්‍ය රුවන් සෙනරත් මහතා පවසයි.

ඒ පිළිබඳව වැඩිදුරටත් අදහස් දැක්වූ පළාත් සභා සහ පළාත් පාලන නියෝජ්‍ය  අමාත්‍ය රුවන් සෙනරත් මහතා,

""බිම්මට්ටමේ සංවර්ධන ව්‍යාපෘති ක්‍රියාත්මක කරන්න නම් විශේෂයෙන්ම පළාත් පාලන ආයතන ප්‍රධානීන්ට ඒ ගම්මට්ටමට යන්න අවස්ථාව හදන්න ඕනේ. නිලධාරීන්ට යන්න එන්න අවස්ථාවක් හදන්න ඕනේ. වාහන ටික ඕනේ. යන්ත්‍රසූත්‍ර ටික ඕනේ ඒ නිසා අපි තීන්දුවක් ගත්තා නව රජය විසින් ලබන වසරේ පළාත් පාලන ආයතන තුළ විතරක් නෙමෙයි මේ රටේ සෑම ආයතනයකම ප්‍රධානීන්ට යන්න එන්න ප්‍රවාහන පහසුකම් සඳහා කැබ් රථ 2000ක් ලබන අවුරුද්දේ මුල් කාර්තුවේ ගෙන්වනවා. එතකොට ක්ෂේත්‍රවල යන නිලධාරීන්ට පහසුවෙන් යන්න පුළුවන්කම තිබෙයි. ඊළඟට පළාත් පාලන අයාතනවල වැඩ ටික ගම් මට්ටමේ ක්‍රියාත්මක වෙන කොට බෑකෝ යන්ත්‍රයක් වැනි යන්ත්‍ර ඕනේ. ඒ නිසා අපි දැනටමත් මුදල් වෙන්කරලා තිබුණා මේ අවුරුද්දේ සැලකිය යුතු ප්‍රමාණයක් ගේනවා. ලබන අවුරුද්දේ බලාපොරොත්තු වෙනවා මේ හැම පළාත් පාලන ආයතනයකටම මේ තිබෙන අවශ්‍යතා සම්පූර්ණ කරගන්න මූලික දේවල් ටික ලබාගන්න.  එතකොට අපි හිතනවා රටේ සංවර්ධන කටයුතු ටික වේගයෙන් බිම්මට්ටමේ ක්‍රියාත්මක කරන්න පුළුවන්.""

මේ අතර අක්‍රීයව පැවති පලාත් පාලන ආයතනවල කටයුතු සක්‍රීය කරමින් නව ව්‍යාපෘති රැසක් ආරම්භ කර ඇති බව පළාත් සභා සහ පළාත් පාලන අමාත්‍ය රුවන් සෙනරත් මහතා සඳහන් කළේය.

ඔහු පවසන්නේ ග්‍රාමීය දුප්පත්කම තුරන් කිරීම සඳහා ද විවිධ ව්‍යාපෘති ආරම්භ කර ඇති බවය.",,Far Right,Left,2
45ccea0e-804d-572f-9de9-26ffb4622439,BBC Sinhala,https://www.bbc.com/sinhala/articles/cn0g2ynr418o,2025-10-29 00:00:00+00:00,මහාධිකරණවලට ලබා දුන් රජයේ නිල නිවාසවල මීට පෙර සිටි ඇමැතිවරුන් කවුද?,"මහාධිකරණවලට ලබා දුන් රජයේ නිල නිවාසවල මීට පෙර සිටි ඇමැතිවරුන් කවුද?

කඩිනමින් නව මහාධිකරණ 4ක් ස්ථාපනය කිරීමට අවශ්‍ය පියවර ගැනීමට අමාත්‍ය මණ්ඩලයේ අනුමැතිය හිමිව තිබේ.

දූෂණ විරෝධී ජාතික ක්‍රියාකාරී සැලැස්ම (2025-2029) ප්‍රකාරව අධිකරණ සහ ජාතික ඒකාබද්ධතා අමාත්‍යාංශය වෙත පැවරී ඇති කාර්යභාරයන් ක්‍රියාක්මක කිරීම සඳහා නව මහාධිකරණ කිහිපයක් කඩිනමින් ස්ථාපනය කිරීමේ අවශ්‍යතාව මත මෙම මහාධිකරණ 04 පිහිටුවීමට නියමිත බව රජය පවසයි.

රාජ්‍ය පරිපාලන, පළාත් සභා සහ පළාත් පාලන අමාත්‍යාංශය භාරයේ පවතින ගොඩනැගිලි 4ක් ඒ සඳහා වෙන්කර ඇති බව අමාත්‍ය මණ්ඩලය නිවේදනයේ සඳහන් වේ.

ඒ අනුව, කොළඹ කේන්ද්‍ර කර ගනිමින් පිහිටුවීමට සූදානම් වන මෙම මහාධිකරණ සඳහා දැනට රාජ්‍ය පරිපාලන, පළාත් සභා සහ පළාත් පාලන අමාත්‍යාංශය භාරයේ පවතින ගොඩනැගිලි 4ක් අධිකරණ සහ ජාතික ඒකාබද්ධතා අමාත්‍යාංශය වෙත භාර දීම සඳහා කැබිනට් අනුමැතිය හිමිව ඇත.

""ඔබ කවුරුත් දන්නවා පහුගිය කාලය පුරාවට විවිධ අපරාධ ඒ වගේ ම දූෂණ, විවිධ සිදුවීම් පිළිබඳ නඩු කටයුතු ක්‍රියාත්මක වෙමින් තියෙනවා. බොහෝ නඩු ප්‍රමාද වීම් වෙනවා, ඊට අවශ්‍ය කරන යටිතල පහසුකම් නොමැතිකම නිසා ඒවා ඉක්මනින් අහන්න අමාරු වෙන තත්ත්වයක් ඇති වුණා. ඉතින් මේ තත්ත්වයට පිළියම් සෙවීම සඳහා නව මහාධිකරණ 4ක් අලුතින් ආරම්භ කරන්න රජය තීන්දු කළා,"" යැයි නව මහාධිකරණ පිහිටුවීමට රජය ගත් තීන්දුව පැහැදිලි කරමින් අමාත්‍ය විජිත හේරත් පැවසීය.

ඒ අනුව, අංක B 88 ග්‍රෙගරි පාර කොළඹ 07, අංක C 76 බෞද්ධාලෝක මාවත, කොළඹ 07, අංක B 108 විජේරාම පාර කොළඹ 07, අංක B 12 ස්ටැන්මෝර් චන්ද්‍රවංකය කොළඹ 07 යන ස්ථානවල රාජ්‍ය පරිපාලන, පළාත් සභා සහ පළාත් පාලන අමාත්‍යාංශයට අයත් ගොඩනැගිලි මෙසේ මහාධිකරණ පිහිටුවීමට වෙන් කළ බව අමාත්‍යවරයා ඔක්තෝබර් 28 වන දා පැවති අමාත්‍ය මණ්ඩල තීරණ දැනුවත් කිරීමේ මාධ්‍ය හමුවේදී පැවසීය.

මෙහිදී මාධ්‍යවේදීන් අමාත්‍යවරයාගෙන් විමසා සිටියේ, මෙසේ මහාධිකරණ පිහිටුවීමට තෝරාගෙන ඇති ගොඩනැගිලි අතර ඇති, විජේරාම ලිපිනය සඳහන් ස්ථානය හිටපු ජනපති මහින්ද රාජපක්ෂ භාවිත කළ නිල නිවස ද? යන්න යි.

""දන්නේ නෑ ඒක නම් හරියට. ගොඩනැගිල්ල රාජ්‍ය පරිපාලන අමාත්‍යංශයට අයිති එකක්"" අමාත්‍ය විජිත හේරත් පිළිතුරු දුනි.

කෙසේ වෙතත්, මෙම ගොඩනැගිලි පිළිබඳව රාජ්‍ය පරිපාලන, පළාත් සභා සහ පළාත් පාලන අමාත්‍ය චන්දන අබේරත්නගෙන් කළ විමසීමකදී ඔහු සඳහන් කළේ, මේවා පසුගිය රජයේ ඇමැතිවරුන් සහ හිටපු විපක්ෂ නායකවරයෙකු භාවිත කළ නිල නිවාස බව ය.

""එකක් පාවිච්චි කරලා තියෙනවා කෙහෙළිය රඹුක්වැල්ල හිටපු ඇමතිවරයා. තව එකක් පාවිච්චි කරළා තියෙනවා සම්බන්ධන් මහත්මයා. තව එකක් පාවිච්චි කරලා තියෙනවා දිලුම් අමුණුගම මහත්තයා. අනිත් එක සනත් නිශාන්ත පාවිච්චි කරලා තියෙනවා.""

ඒ අනුව, හිටපු සෞඛ්‍ය අමාත්‍ය කෙහෙළිය රඹුක්වැල්ල වෙත නිල නිවස ලබා දී තිබූ අංක B 108, විජේරාම පාර, කොළඹ 07 ගොඩනැගිල්ල, හිටපු විපක්ෂ නායක මෙන් ම දෙමළ ජාතික සන්ධානයේ නායකයාව සිටි ආර්. සම්බන්ධන් වෙත නිල නිවස ලෙස ලබා දී තිබූ අංක B 12, ස්ටැන්මෝර් චන්ද්‍රවංකය, කොළඹ 07 ගොඩනැගිල්ල මහාධිකරණ පිහිටුවීමට ලබා දී තිබේ.

එමෙන් ම, හිටපු ආයෝජන ප්‍රවර්ධන රාජ්‍ය අමාත්‍යවරයා ලෙස කටයුතු කළ දිලුම් අමුණුගම නිල නිවස ලෙස භාවිත කළ අංක B 88, ග්‍රෙගරි පාර, කොළඹ 07 ස්ථානයේ පිහිටි ගොඩනැගිල්ල සහ හිටපු ජල සම්පාදන රාජ්‍ය අමාත්‍යවරයා වූ සනත් නිශාන්ත සිය නිල නිවස ලෙස භාවිත කළ අංක C 76, බෞද්ධාලෝක මාවත, කොළඹ 07 පිහිටි නිවාස මෙසේ මහාධිකරණ පිහිටුවීම සඳහා ලබා දී තිබේ.

මීට අමතරව හිටපු ජනාධිපතිවරුන්ගෙන් ලබා ගත් නිල නිවාස සහ පෙර පැවති රජයේ අමාත්‍යවරුන් භාවිත කළ නිල නිවාස, ඉදිරියේදී කුමන කටයුතු සඳහා යොදා ගන්නේ දැයි බීබීසී සිංහල සේවය අමාත්‍ය චන්දන අබේරත්නගෙන් විමසීමක් කළේ ය.

""ඒවත් මේ වගේ ඵලදායී වැඩවලට අනිවාර්යෙන් ම යොදා ගන්නවා. දැනට ඉල්ලීම් තියෙනවා. ඒ ඉල්ලීම් අනුව පවරලා දෙන්න කටයුතු කරනවා,"" අමාත්‍යවරයා පැවසීය.

2",Far Right,,Left,2
47fba0e1-78e7-5a3e-8fd5-f403643282b5,Ada Derana Sinhala,http://sinhala.adaderana.lk/news/203027,2024-11-08 00:00:00+00:00,නිවසකට පැන තරුණියක් පැහැර ගැනීමට තැත් කරයි,"නිවසකට පැන තරුණියක් පැහැර ගැනීමට තැත් කරයි

බලහත්කාරයෙන් නිවසකට ඇතුළුවූ පුද්ගලයෙකු විසින් නිවැසියන් බියගන්වා එහි සිටි තරුණියක් පැහැරගැනීමට තැත් කිරීමේ සිද්ධියක් වලස්මුල්ලෙන් වාර්තා වෙයි.

වලස්මුල්ල පොලීසිය සඳහන් කළේ සිද්ධියට සම්බන්ධ සැකකරු අත්අඩංගුවට ගත් බවය.

වලස්මුල්ල පොලිස් වසමේ හොරේවෙල ප්‍රදේශයේදී ඊයේ (07) රාත්‍රියේ නිවසකට ඇතුළුවූ අදාළ සැකකරු නිවැසියන්ට ගිනිඅවි පෙන්වා බියගන්වා තරුණියක් පැහැර ගැනීමට තැත්කරන බවට 119 හදිසි ඇමතුම් අංකයට ලද තොරතුරක් මත වහාම ක්‍රියාත්මක වූ වලස්මුල්ල පොලීසියේ නිලධාරීන් එම ස්ථානය ගොස් තිබුණි.

මෙරට නිෂ්පාදිත ගිනිඅවි 02ක්, තහනම් පිහි 02ක්, යකඩ කූරු සහ යකඩ කැබලි සන්තකයේ තබාගෙන සිටි සැකකරු අත්අඩංගුවට ගැනීමට මහත් පරිශ්‍රමයක් දරන්නට සිදුවූ බව පොලීසිය වැඩිදුරටත් පැවසීය.

අත්අඩංගුවට ගත් සැකකරු වයස අවුරුදු 22ක් වන දෙනියාය ප්‍රදේශයේ පදිංචිකරුවෙකි.

සැකකරු අදාළ තරුණිය සමග ප්‍රේම සම්බන්ධතාවයක් පවත්වාගෙන ගොස් ඇති අතර පසුව එය මීට මාස කිහිපයකට පෙර සැකකරු විසින් නවතා දමා තිබේ.

ඉන්පසුව සැකකරු මෙලෙස පැමිණ එම තරුණිය පැහැර ගැනීමට උත්සාහ කර ඇත.",Left,,Center,2
49699864-fd56-517e-bdab-27a04ae4fcac,Lanka Deepa,https://www.lankadeepa.lk/latest_news/හරණ-ටයර-කරමනත-ශලවක-ගනනක/1-685954,2025-12-29 00:00:00+00:00,හොරණ ටයර් කර්මාන්ත ශාලාවක ගින්නක්,"හොරණ ටයර් කර්මාන්ත ශාලාවක ගින්නක්

හොරණ, වවුලගල, ප්‍රදේශයේ ටයර් කර්මාන්ත ශාලාවක අද(29)  උදෑසන ඇතිවූ ගින්නකින්  එම කර්මාන්තශාලාව ගිනිගෙන දැවෙමින් පවතින බව හොරණ පොලිසිය කියයි.

මෙම ගින්න නිවා දැමීම සඳහා හොරණ නගර සභාවේ ගිනි නිවන ඒකකය කටයුතු කරමින් සිටි.එම කම්හල ඇතුළත කිසිදු පුද්ගලයෙකු නොමැති බව කර්මාන්ත ශාලාවෙහි ප්‍රධානීහු පවසති.",,Center,Center,2
61862a53-129d-5634-b920-e44ebe9be453,BBC Sinhala,https://www.bbc.com/sinhala/articles/czen94846g4o,2025-01-01 00:00:00+00:00,ජනපති අනුරගේ ප්‍රධානත්වයෙන් ඇරඹුණු Clean Sri Lanka වැඩසටහන ගැන ඔබ දැනුවත් ද?,"ජනපති අනුරගේ ප්‍රධානත්වයෙන් ඇරඹුණු Clean Sri Lanka වැඩසටහන ගැන ඔබ දැනුවත් ද?

ජනපති අනුරගේ ප්‍රධානත්වයෙන් ඇරඹුණු Clean Sri Lanka වැඩසටහන ගැන ඔබ දැනුවත් ද?

'පොහොසත් රටක් ලස්සන ජීවිතයක්' යන තේමාව යටතේ ක්‍රියාත්මක කෙරෙන රජයේ වැඩපිළිවෙළ අනුව රටේ පරිසරය පිරිසිදු කිරීමට අමතරව ලොව දියුණු රටවල ජනතාව භුක්ති විඳින ආකාරයේ ඉහළ සමාජ ආර්ථික තත්ත්වයක් සහ නිදහසක් උරුම කර දීමේ අරමුණින් Clean Sri Lanka වැඩසටහන ක්‍රියාත්මක කරන බව රජය පවසයි.

අද (2025 ජනවාරි මස 01 වන දා) සිට මෙම වැඩසටහන ආරම්භ කළ අතර ඊට අදාළව ජනාධිපති කාර්ය සාධක බළකාය පත් කිරීමේ ගැසට් නිවේදනය දෙසැම්බර් මාසයේදී ප්‍රකාශයට පත් කළේ ය.

ජනාධිපති ලේකම්, ත්‍රිවිධ හමුදාපතිවරුන්, වැඩබලන පොලිස්පති සහ නාගරික සංවර්ධන අධිකාරියේ සභාපති ඇතුළු සාමාජිකයන් 18 දෙනෙකු කාර්ය සාධක බළකායට ඇතුළත් ය.

මෙරට ජනතාවගේ යහපැවැත්ම, සංහිඳියාව සහ ප්‍රගමනය තහවුරු කිරීම තුළින් පරිවර්තනීය මුලපිරීමක් සඳහා මෙන් ම එහි සමාජීය, පාරිසරික හා ආචාරධර්මීය පිබිදීමක් ඉලක්ක කර ගනිමින් ජාතික මෙහෙයුමක් දියත් කිරීම මෙම වැඩසටහනේ අරමුණ වේ.

මෙම වැඩසටහන පිළිබඳ වැඩිදුර විස්තර එම වැඩසටහනේ සාමාජික චමින්ද ජයසූරියගෙන් බීබීසි සිංහල සේවය විමසනු ලැබීය.

""අපේ රට මේ තියෙන තත්ත්වය තව ප්‍රමාණයකට ඔසවන්නේ කොහොම ද, දියුණු රටවල්වල මට්ටමට අපේ රට ඔසවන්නේ කොහොම ද කියන එක තමයි මේකේ තියෙන වැඩේ.""

""ලෝකයේ එක එක රටවල්වල පරිසරය සම්බන්ධව, සෞඛ්‍යය සම්බන්ධව, ආහාර සම්බන්ධව, අධ්‍යාපනය සම්බන්ධව නොයෙකුත් ප්‍රමිතිගත කිරීම් ලෝකයේ කරලා තියෙනවා. ඒවට අපි එකඟ වෙච්ච තැන් තියෙනවා, අපි පිළිගන්න තැන් තියෙනවා, අපි දැකපුවා ම අපි ආස හිතෙන තැන් තියෙනවා මෙන් ම මේ ඔක්කොම එකතු කරලා ප්‍රමිතියකට මේ රට ඉහළ තලයකට ඔසවන්නේ කොහොම ද කියන එක තමයි සරලව කිව්වොත් ක්ලීන් ශ්‍රී ලංකා කියලා කියන්නේ,"" යැයි ඔහු සඳහන් කළේ ය.

2025 වසරේ 01 වන දා සිට මෙම වැඩසටහන ආරම්භ වන අතර පළවෙනි මාසය තුළ දැනුවත් කිරීමේ වැඩසටහන් සිදුකරන බව ඔහු පවසයි.

""මේක මේ දේශපාලන වැඩක්වත්, දේශපාලන ව්‍යාපාරයක වැඩක්වත්, ජනාධිපතිතුමා පෞද්ගලිකව කරන වැඩකවත් නෙමෙයි. මේක අපි හැමෝගෙ ම වැඩක්,"" චමින්ද ජයසූරිය පැවසීය.

මාස දෙකක් පමණ කාලයක් තිස්සේ මෙම වැඩසටහන ක්‍රියාත්මක කිරිම සැලසුම් කළ බව ද ඔහු කියා සිටියේ ය.

මෙම වැඩසටහනේ ඉලක්ක සපුරා ගැනීම වෙනුවෙන් කළ යුතු වෙනස්කම් සම්බන්ධව මෙන්ම ගන්නා පියවර ගැන චමින්ද ජයසූරි පැවසීය.

""නීති වෙනස් කරන්න ඕනේ නම් නීති වෙනස් කරනවා, අලුතින් චක්‍රලේඛ ඕන නම් ගහනවා, මිනිස්සුන්ගේ හිත් වෙනස් කරන්න ඕනේ නම් අපි ඒ හිත් වෙනස් කරනවා, මිනිස්සුගේ හැසිරීම වෙනස් කරන්න ඕනේ නම් අපි ඒ හැසිරීමත් වෙනස් කරනවා.""

කිසිදු බාධාවක් නොමැතිව ඉදිරියට යාමට ක්ලීන් ශ්‍රී ලංකා වැඩසටහන නිර්මාණය කර ඇති බව ද එම සටහනේ සමාජික චමින්ද ජයසූරිය බීබීසි සිංහල සේවය සමග කියා සිටියේ ය.

""අපි තෘප්තිමත් වෙන ලෙවල් එකට මේ වැඩේ ගේනකම් මේ වැඩේ ගෙනියනවා""

වත්මන් රජයේ ධූර කාලයට අයත් ඉදිරි වසර පහ සඳහා මෙන් ම ඉන් ඉදිරියටත් මෙම වැඩසටහන ක්‍රියාත්මක කිරිමට සැලසුම් සකස් කර තිබේ.

""ඔයා වොෂ් රූම් එකක් ක්ලීන් කළා ම අද ක්ලීන් කළා කියලා ඒක දිගට ම ක්ලීන් වෙලා තියෙන්නේ නෑනේ. හැබැයි අපි ඒක පුරුද්දක් හදාගත්තොත් ස්ටෑන්ඩඩ් එකක් හැදුවොත් අපි ප්‍රමිතිකරණයකට මේක හැදුවාට පස්සේ, ඒක ඔටෝ රන් වෙන්න අපිට දාන්න පුලුවන්නේ. අපි තෘප්තිමත් වෙන ලෙවල් එකට මේ වැඩේ ගේනකම් මේ වැඩේ ගෙනියනවා.""

ක්ලීන් ශ්‍රී ලංකා වැඩසටහනේ නිල උත්සවය ජනාධිපති අනුර කුමාර දිසානායක ප්‍රධානත්වයෙන් ජනාධිපති කාර්යාලයේදී අද පැවැත්විණි.

ප්‍රධාන නිල උත්සවයට සමගාමීව රාජ්‍ය ආයතනවල ක්ලීන් ශ්‍රී ලංකා දිවුරුම ලබා දී නව වසරේ වැඩකටයුතු ආරම්භ කිරිමට රාජ්‍ය පරිපාලන, පළාත් සභා සහ පළාත් පාලන අමාත්‍යංශය උපදෙස් දී ඇත.

2025 සිට ආර්ථික ස්ථායීතාව වෙනුවෙන් ශ්‍රී ලංකා මහ බැංකුව කරන්න යන දේ

මවගේ දෙවන විවාහයේ සාක්ෂිකරුවෙකු වූ පුතෙක්: 'මේක තමයි මම වෙඩින් එකක සාක්ෂිකාරයෙක් වුණු පළවෙනි අවස්ථාව, ඒකත් මගේ අම්මගේ'",,Left,Far Left,2
911a6be0-817a-5cfa-a73d-1f846b94ee02,Lanka Deepa,https://www.lankadeepa.lk/news/මදගන-අනරට-වශෂ-ලපයක/101-685746,2025-12-23 00:00:00+00:00,මෝදිගෙන් අනුරට විශේෂ ලිපියක්,"මෝදිගෙන් අනුරට විශේෂ ලිපියක්

ඉන්දීය අග්‍රාමාත්‍ය නරේන්ද්‍ර මෝදී මහතාගේ විශේෂ ලිපියක් ඉන්දීය විදේශ කටයුතු අමාත්‍ය ආචාර්ය එස්. ජයශංකර් මහතා ජනාධිපති අනුර කුමාර දිසානායක මහතාට කොළඹ ජනාධිපති කාර්යාලයේදී අද (23)බාර දුන්නේය.

ශ්‍රී ලංකාවේ නිල සංචාරයක නිරත ඉන්දීය විදේශ කටයුතු අමාත්‍ය එස්. ජයශංකර් මහතා සහ ජනාධිපති අනුර කුමාර දිසානායක මහතා  ජනාධිපති කාර්යාලයේදී හමු වූ අවස්ථාවේදී මෙම ලිපි පිළිගැන්වීම සිදු කෙරිණි.

ඉන්දියාවෙන් ශ්‍රී ලංකාවට ලබා දෙන සහන පැකේජය සංකේතවත් කරමින් කිලිනොච්චිය ඒ-35 මාර්ගයේ බේලි පාලම විවෘත කිරීමද මෙහිදී ජනාධිපති අනුර කුමාර දිසානායක මහතාගේ සහභාගීත්වයෙන් ශ්‍රී ලංකා - ඉන්දීය විදේශ අමාත්‍යවරුන්ගේ අතින් මාර්ගගත තාක්ෂණය ඔස්සේ සිදු විය.

මෙහිදී අදහස් දැක්වූ ජනාධිපති අනුර දිසානායක මහතා දිට්වා සුළි කුණාටුවෙන් පීඩාවට පත් ශ්‍රී ලාංකික ජනතාව වෙනුවෙන් සහන සැලසීමට පළමුවෙන්ම එක්වෙමින් ජනතාව මුදා ගැනීමේ, සහන සැලසීමේ සහ  ජන ජීවිතය යථා තත්ත්වයට පත් කිරීමේ වැඩපිළිවෙළ වෙනුවෙන් ඉන්දීය අග්‍රාමාත්‍යවරයා ප්‍රමුඛ රජය දැක් වූ හෘදයාංගම සහයෝගය පළ කරන බව කීය.",Left,Left,,2
932d9a28-d648-57b5-9d28-636afe21fc5d,Ada,https://www.ada.lk/breaking_news/කාර්යාල-දුම්රිය-ගමන්-වාර-11ක්-අවලංගුයි/11-409097,2024-04-16 00:00:00+00:00,කාර්යාල දුම්රිය ගමන් වාර 11ක් අවලංගුයි,"කාර්යාල දුම්රිය ගමන් වාර 11ක් අවලංගුයි

රියදුරන් සහ නියාමකවරුන් සේවයට වාර්තා නොකිරීම හේතුවෙන් අද උදෑසන කාර්යාල දුම්රිය ගමන්වාර 11ක් අවලංගු කිරීමට සිදුවූ  බව දුම්රිය දෙපාර්තමේන්තුව පවසයි.

කොළඹ කොටුව සිට මොරටුව, පානදුර, වාද්දුව, මීගමුව, අඹේපුස්ස, පාදුක්ක සහ රාගම දක්වා සහ එම දුම්රිය ස්‌ථානවල සිට නැවත කොටුව දුම්රිය ස්ථාන වෙත පැමිණීමට නියමිත දුම්රිය ගමන්වාර මෙලෙස අවලංගු වී තිබේ.",Right,Right,,2
96ff09b7-ce08-5d91-85b6-7179818094d8,Ada,https://www.ada.lk/opinion/ඇල්ල-බස්-රථ-අනතුරේ-සියලුම-තොරතුරු/2-418305,2025-09-05 00:00:00+00:00,ඇල්ල බස් රථ අනතුරේ සියලුම තොරතුරු,"ඇල්ල බස් රථ අනතුරේ සියලුම තොරතුරු

ඇල්ල වැල්ලවාය ප්‍රධාන මාර්ගයේ රාවණා ඇල්ල 15 කනුව ප්‍රදේශයේ දී විනෝද  චාරිකාවක් යමින් සිටි තංගල්ල නගර සභාවේ  සේවක පිරිසක් රැගත් පෞද්ගලික බස්‍ රථයක් ඊයේ (4) රාත්‍රි රාවණා ඇල්ල රක්ශිතයේ අඩි දහසක පමණ ප්‍රපාතයකට පෙරලීයාමෙන් බස්‍ රථයේ රියැදුරු ඇතුලු 15 ක් මියගොස් 18 ක් තුවාල ලබා බදුල්ල ශික්ශන රෝහලට ඇතුලත් කල බව ඇල්ල පොලිසිය පවසයි .

ඊට අමතරව මෙම අනතුරින් තුවාල ලැබූ තුවාලකරුවන් බේරාගැනීමට කබවල ආධාරයෙන් ප්‍රපාතයට බැසීමට යාමේදී යුධ හමුදා නිළධාරින් දෙදෙනකු ඇද වැටී තුවාල ලබා බදුල්ල ශික්ශන රෝහලේ ප්‍රතිකාර ලබන බවත් , බස්‍ රථයේ ගමන් ගත්  තවත් පහලොස් දෙනෙකු දැනට නේවාසිකව රෝහලේ ප්‍රතිකාර ලබමින් පසුවන බවත් පොලිසිය සදහන් කලේය .

මෙම පිරිස ඊයේ (4) අලුයම තංගල්ල සිට නුවරඑළිය විනෝද චාරිකාවක යාමට මෙසේ පැමින ඇති අතර පසුව ඔවුන් උදෑසන රාවණා දියඇල්ල නරබා හපුතලේ එඩිසන් බංගලාව නැරඹා බෝබුරුදිය ඇල්ල නරබා නුවරඑළිය ගොස් විනෝද වී ආපසු වැලිමඩ බණ්ඩාරවෙල ඇල්ල වැල්ලවාය ප්‍රධාන මාර්ගය ඔස්සේ තංගල්ල බලා ගමන් කරමින් සිටියදි මෙසේ ඇල්ල රාවණා ඇල්ල 15කනුව ප්‍රදේශයේදී බස්‍ රථය ජීප් රථයකද ගැටී පසුව මාර්ගය අසල ආරක්ශිත යකඩ වැටේ ගැටී මෙලෙස රාවණා ඇල්ල රක්ෂිතයේ අඩි දහස් ගණනක ප්‍රපාතයට පෙරලී ගොස් ඇති බවත් පොලිසිය පැවසීය .

අනතුර සැලවූ වහාම බදුල්ල ශික්ශන රෝහලේ හදිසි ප්‍රතිකාර ඒකකයේ ජේෂ්ඨ වෛද්‍ය නිළධාරි රජයේ වෛද්‍ය නිළධාරි සංගමයේ සහකාර ලේකම් වෛද්‍ය පාලිත රාජපක්ෂ මහතා ඇතුළු විශේෂ වෛද්‍ය නිළධාරි කංඩායාමක් ඇතුලු සෞඛ්‍ය කාර්‍ය මංඩලය වහා අනතුර සිදු වූ ඇල්ල රාවණා ඇල්ල 15 කනුව ප්‍රදේශයට ගියහ .

ඔවුන් ත්‍රිවිධ හමුදා , පොලිස් නිළධාරින් සහ ගම්වාසීන් එක්ව ප්‍රපාතයෙ තුවාල ලබා සිරවී සිටි තුවාලකරුවන්ට වහා ප්‍රතිකාර ලබා දෙමින් කබවල ආධාරයෙන් ප්‍රපාතයෙ න් උඩට  තුවාලකරුවන්  ගෙන ගිලන් රථ ඇතුලු රථවාහන මගින් බදුල්ල ශික්ශන රෝහලට යැවීමට කටයුතු කලහ.

අනතුරින් ප්‍රපාතයට පෙරලී ගිය බස්‍ රථය කුඩුපට්ටම් වී ගොස් කැබිලිවලට කැඩී විනාශ වී තිබින.

මෙහි ප්‍රපාතයෙ රැදී වැටී සිරවී සිටි තුවාලකරුවන් බේරා ගෙන උඩට ගැනීමට අදුර මෙන්ම ප්‍රපාතය නිසාවෙන් දැඩි වෙහෙසක් දැරීමට පිරිසට සිදුවිය.

මේ අතර අනතුරින් මියගිය හත්දෙනෙකු ගේ සිරුරු දියතලාව රෝහලේ ත්, දෙදෙනකු ගේ සිරුරු බණ්ඩාරවෙල රෝහලේ සහ හයදෙනෙකු ගේ සිරුරු බදුල්ල ශික්ශන රෝහලේ දැනට හදුනාගැනීමට තබා තිබෙන බවත් පොලිසිය පවසයි .

අනතුරින් පසුව විපතට පත් පිරිස සොයා ගැනිම සදහා ගුවන් හමුදා වසදහන්  මගින් බීච් කාප්ට්ගුවන් යානයක් ඊයේ (4) රාත්‍රි රාවණා ඇල්ල ප්‍රදේශයේ යොදා තිබු බවත් , දැනට බදුල්ල ශික්ශන රෝහලේ නේවාසිකව ප්‍රතිකාර ලබමින් පසුවන තුවාලකරුවන් වැඩිදුර ප්‍රතිකාර සදහා කොළඹ ජාතික මහ රෝහලට මාරු කර යැවීම සදහා යොදා ගැනීමට ගුවන් හමුදා හෙලිකොප්ටර් යානා වක් දියතලාව ගුවන් හමුදා කදවුරේ ස්ථාපනය කර ඇතයි පොලිසිය වැඩිදුර ටත් පැවසීය.

දියතලාව යුධ ,ගුවන්   නාවික හමුදා මෙන්ම ඇල්ල බණ්ඩාරවෙල හාලිඇල පොලිස් නිළධාරින් , වෛද්‍යවරුන් ,සෞඛ්‍ය කාර්ය මංඩලය , ප්‍රදේශයේ ජනතාව , ප්‍රාදේශීය සභාව ඇතුලු විවිධ උදවියගේ මනා සහයෝගයක් මෙම කටයුතු සදහා ලැබුණු බවද බදුල්ල ශික්ශන රෝහලේ හදිසි ප්‍රතිකාර ඒකකයේ  ජේෂ්ඨ වෛද්‍ය නිළධාරි වෛද්‍ය පාලිත රාජපක්ෂ මහතා සදහන් කලේය .

මීට අමතරව තවදුරටත් අනතුරින් විපතට පත් පිරිස් බස්‍ රථය ට සිරවී ඇත්දයි සෙවීමට කුඩාඔය කොමාන්ඩෝ සෙබද්ලුන් අද (5) බස්‍ රථය ප්‍රපාතයට පෙරලී ගිය පප්‍රපාතයට බැස සොයන්නට වුහ.

දියතලාව , බණ්ඩාරවෙල  සහ බදුල්ල රෝහලේ වෛද්‍යවරුන්   හෙද හෙදියන් සෞඛ්‍ය කාර්ය මංඩලය මහත් කැපවීමෙන් මෙහිදී කටයුතු සිදු කලහ.

මෙම අනතුර  සමග තංගල්ල ප්‍රදේශයේ ජනතාව වැලනොකැඩී රාත්‍රියේ ම බදුල්ල ශික්ශන රෝහලට පැමින තුවාලකරුවන් , මිය ගිය පිරිස සොයා බැලූහ .

මෙම අනතුර බසයේ කාර්මික දෝශයක් හේතුවෙන් සිදුව ඇත්ද යන සොයා බැලීමට මෝටර් රථ වාහන පරීක්ශකවරුන් පැමින පරික්ෂා කිරිමට නියමිතව ඇත.

බණ්ඩාරවෙල මහේස්ත්‍රාත්  ගැමුණු  චන්ද්‍ර්සේකර මහතා බණ්ඩාරවෙල රෝහලේ සහ දියතලාව රෝහලට ගොස් එහි තිබු මළසිරුරු පරික්ෂා කර බලා මහේස්ත්‍රාත් පරීක්ෂනය අද (5) පස්වරුවේ  සිදුකල හ.

අනතුරින් මිය ගොස් ඇත්තේ තංගල්ල දංකැටිය  සගබෝමාවත පදිංචි ව සිටි චිරාත් නිමන්ත (27) නැමති පෞද්ගලික බස් රියදුරු සමග බෙලිඅත්ත පල්ලවල පදිංචි ව සිටි තංගල්ල නගර සභාවේ සේවය කල  ලක්මිණි තුශාරි රත්නායක (45) ඇයගේ 14 හැවිරිදි සෙනෙත් තේජාන් පුතා , තංගල්ල  කදුරුපොකුන අලුත්ගේ පදිංචි ව සිටි තරිඳු උදාර හේවාගම (39), තංගල්ල නැගෙනහිර කදුරු පොකුන පදිංචි වල්ගමගෙ ජයනි ජීවන් තිකා , තංගල්ල  පන්නිතුඩාව පාර  වර්නකුලසූරිය පටබැදිගේ මදූශා අනුරාදනි(42), හක්මන දෙනගම උතුර කබලහේන කුඩාඅන්තෝනිගේ  දිනුදිකා ලක්මිණි ජයවීර (32), තංගල්ල  දන්කැටිය පාර වීරසිංහ  නිහාල් රංජිත් (54),  තංගල්ල  දන්කැටිය සුසාන භූමියපාර අබේධීර  ගුණරත්න   පටබැදිගේ  නිලුශා ශ්‍රීමාලි (39), තංගල්ල හේනකඩුව තෝමරා හැන්නැදි ගේ චිරාත් දිමන්ත(27),  තංගල්ල වීරකැටිය පාර ශානිකා අනුරාදා මතගවිර (42)  තංගල්ල  දන්කැටිය  වීරකැටිය පාර මද්දුම  පටබැදිගේ  නාමල්  රුවන්ත,  බෙලිඅත්ත ගැටමාන්න  ඇල්දෙණිය  එස්. එම්.කේ. සුගත්  ඉංදික වෙදගෙදර (54),  තංගල්ල  කදුරුගමුව හේවා  ගමගේ  තරිඳු  පැතුම්  උදාර (37),  අම්බලන්තොට  රුහුණු විජයහම ටි. කේ .  රූපසේන (51),  බෙලිඅත්ත අරන්වල ඒ. ඒ.සෙනෙත් තේජාන් (14), ලක්මිණි තුශාරි රත්නායක (45) තංගල්ල  නෙටොල්පිටිය ගොඩිගමුව  තිස්ස පාර  මින්සදී  සසිත්මා  මතගවීට(12), දුනිදු කෞශල්‍ය පුංචිහේවා (39) යන අයහේ මෘත දේහයන් සම්බන්ධයෙන් මහේස්ත්‍රාත් පරීක්ෂනය බදුල්ල වැඩබලන මහේස්ත්‍රාත් සුජීවන සිල්වා මහතා විසින්අද (5) පස්වරුවේ බදුල්ල ශික්ශන රෝහලේ දී පැවත්විය.

මෙම අනතුරින් විනෝද චාරිකා බස්‍ රථයේ කොන්දොස්තරවරයාද (සහයක )තුවාල ලබා බදුල්ල ශික්ශන රෝහලේ නේවාසිකව ප්‍රතිකාර ලබමින් පසුවේ.

මළසිරුරු සම්බන්ධයෙන් දියතලාව රෝහලේ අධිකරන  වෛද්‍ය නිළධාරිවරයා  හා බදුල්ල ශික්ෂන රෝහලේ අධිකරණ වෛද්‍ය නිලධාරීවරයා ලබා ලවා පශ්චාත් මරණ පරීක්ෂන සිදු කර අධිකරනයට කරුණු වාර්තා කරන ලෙස බණ්ඩාරවෙල  මහේස්ත්‍රාත් ගැමුණු චන්ද්‍ර්සේකර මහතා හා  බදුල්ල වැඩබලන මහේස්ත්‍රාත් සුජීවන සිල්වා මහතා පොලිසියට නියම කළහ .

බදුල්ල දිසාව භාර නියෝජ්‍ය පොලිස්පති ලක්සිරි විජේසේන බණ්ඩාරවෙල ජේෂ්ඨ පොලිස් අධිකාරි ඒ .ඒ. ආර් පී අමරසිංහ සහකාර පොලිස් අධිකාරි 111 රුවන් ප්‍රනාන්දු යන මහත්වරුන්ගේ උපදෙස් මත ඇල්ල වැඩබලන පොලිස් ස්ථානාධිපති පොලිස් පරීක්ෂක එච් පී පාලිත මහතා ඇතුළු නිළධාරින් වැඩිදුර පරීක්ෂණ පවත්වති.",,Center,Center,2
9fae1a81-04a3-5ceb-8e56-ee4ddc163f9b,Ada Derana Sinhala,http://sinhala.adaderana.lk/news/202522,2024-10-24 00:00:00+00:00,පාස්කු වාර්තාව ගැන රනිල්ගෙන් ලියුමක්,"පාස්කු වාර්තාව ගැන රනිල්ගෙන් ලියුමක්

පාස්කු වාර්තා ගෙන හැර දක්වමින් දේශපාලනය නොකරන ලෙස සෑම පාර්ශ්වයකින්ම තමන් ඉල්ලා සිටින බව හිටපු ජනාධිපති රනිල් වික්‍රමසිංහ මහතා පවසයි.

ඔහු පවසන්නේ මේ වනවිට ඉමහත් ආන්දෝලනයකට තුඩු දී තිබෙන මෙම වාර්තාව පසුගිය ජනාධිපතිවරණ සමයේදී තමා අතට ලැබුණු නමුත් පාස්කු ප්‍රහාරය දේශපාලනයට ඈඳා ගැනිමට ඇති අකමැත්ත හේතුවෙන් තමන් එම වාර්තා ප්‍රසිද්ධියට පත් කිරීමෙන් වැළකී සිටි බවය.

හිටපු ජනපති රනිල් වික්‍රමසිංහ මහතා නිකුත් කළ සම්පූර්ණ නිවේදනය පහතින්,

""ශ්‍රී ලංකාවේ අටවැනි විධායක ජනාධිපති ධූරයට මම පත් වූ පසුව කතෝලික රදගුරු සම්මේලනයේ සභාපති ගරු හැරල්ඩ් ඇන්තනි ප්‍රනාන්දු රදගුරුතුමන්ගේ ඉල්ලීම පරිදි පාස්කු කොමිෂන් සභා වාර්තා එතුමන්ට භාරදීමට කටයුතු කළෙමි.

ඉන්පසුව කතෝලික රදගුරු සම්මේලනය ඒ පිළිබඳව පැහැදිළි කිරීම් ගණනාවක් ඉදිරිපත් කර තිබු අතර මා වෙත යොමු කෙරුණු සියලු පැහැදිළි කිරීම් නීතිපතිවරයාට යොමු කර ඊට අදාළ සියලු කරුණු රදගුරු සම්මේලනය සමග හුවමාරු කර ගන්නා ලෙස නීතිපතිවරයාට උපදෙස් දෙන ලදී.

චැනල් - 4 නාලිකාව ඔස්සේ විකාශනය වූ හෙළිදරව්ව පිළිබඳව කරුණු සෙවිය යුතු බවට ද  මා වෙත ඉල්ලීම් ඉදිරිපත් කර තිබුණි. ඒ සම්බන්ධයෙන් සොයා බැලීම සඳහා මා විසින් විශ්‍රාමික ශ්‍රේෂ්ඨාධිකරණ විනිසුරු එස්.අයි. ඉමාම්, හිටපු ගුවන් හමුදාපති චීෆ් එයාර් මාර්ෂල් ජයලත් වීරක්කොඩි සහ හිටපු ශ්‍රේෂ්ඨාධිකරණ විනිසුරු හර්ෂ ෂෝසා යන අයගෙන් සමන්විත ත්‍රිපුද්ගල කමිටුව පත් කිරීමට කටයුතු කරන ලදී.

මීට අමතරව, ඒ.එම්.ජේ. ද අල්විස්, ඩබ්ලිව්.එම්.ඒ්.එන්.නිශාන් සහ කේ.එන්.කේ. සෝමරත්න යන අයගෙන් සමන්විත තවත් ත්‍රිපුද්ගල කමිටුවක් පත් කළේය. මේ කමිටුවට පත්කළ කිසිවකුත් මා පෞද්ගලිකව දන්නා හඳුනන අය නොවේ. මේ කමිටු සඳහා නීතිපති දෙපාර්තමේන්තුවේ සහාය ලබා දීමට ද කටයුතු කරන ලදී.

ඉන්දීය බුද්ධි සේවයෙන් කිසියම් වූ ආකාරයක ත්‍රස්ත ප්‍රහාරයක් එල්ල වන බවට තොරතුරු ලද විට ගතයුතු පියවර පිළිබඳව සොයාබැලීම ඉහත කමිටුව පත් කිරීමේ එක් අරමුණක් විය. එසේම ඊට අදාළව ගනු ලැබූ පියවර ප්‍රමාණවත්දැයි  විමසා බැලීම ද  මේ කමිටුවට පැවැරුණු තවත් වගකීමක්වේ. රාජ්‍ය බුද්ධි අංශය හා අපරාධ පරීක්ෂණ දෙපාර්තමේන්තුව වවුනතිව් පොලිස් නිලධාරීන් දෙදෙනාගේ ඝාතනය එල්.ටී.ටී.ඊ. සංවිධානය කළ බවට මාස හතරක් මුළුල්ලේ ප්‍රකාශ කළේ මන්ද? ඒ කාලය තුළදී ඊට අදාළව ගත් පියවර කුමක්ද යන්න පිළිබඳව විමසා බැලීම ද මේ කමිටුව මගින් සිදුකරන ලදී.

අල්විස් කමිටු වාර්තාව එවකට ජ්‍යෙෂ්ඨ නියෝජ්‍ය පොලිස්පති සහ වත්මන් මහජන ආරක්ෂක අමාත්‍යාංශයේ ලේකම් රවි සෙනෙවිරත්න, අපරාධ පරීක්ෂණ දෙපාර්තමේන්තුවේ හිටපු අධ්‍යක්ෂ ශානි අබේසේකර යන මහත්වරුන්ගෙන් පළිගන්න හෝ ඔවුන් ගැන විභාග කිරීමට හෝ සකස් කළ වාර්තාවක් නොවේ.

පාස්කු සිද්ධිය ගැන හිටපු පොලිස්පති පූජිත ජයසුන්දර, ජ්‍යෙෂ්ඨ නියෝජ්‍ය පොලිස්පති නිලන්ත ජයවර්ධන, ජ්‍යෙෂ්ඨ නියෝජ්‍ය පොලිස්පති නන්දන මුණසිංහ, ජ්‍යෙෂ්ඨ නියෝජ්‍ය පොලිස්පති ලලිත් පතිනායක, ජ්‍යෙෂ්ඨ නියෝජ්‍ය පොලිස්පති අබ්දුල් ලතීෆ්, ජ්‍යෙෂ්ඨ නියෝජ්‍ය පොලිස්පති රවී සෙනෙවිරත්න ඇතුළු නිලධාරීන් සියළු දෙනාටම නීත්‍යානුකූලව පියවර ගන්නා ලෙසත් ඒ වාර්තාව මගින් වැඩිදුරටත් නිර්දේශ කර තිබේ. මීට අමතරව එවකට හිටපු ජ්‍යෙෂ්ඨ නියෝජ්‍ය පොලිස්පති සහ වත්මන් පොලිස්පති දේශබන්දු තේන්නකෝන් මහතාටත් විනය පියවර ගන්නා ලෙස එම වාර්තාව මගින් නිර්දේශ කර ඇත. එබැවින් මෙය රවි සෙනෙවිරත්නට සහ  ශානි අබේසේකරට විරුද්ධව සැකසු වාර්තාවක් බවට අර්ථ දැක්වීම පදනම් විරහිත බව ඉතා පැහැදිලිය.

වාර්තාවේ සඳහන්ව ඇති වවුනතිව් ප්‍රදේශයේදී පොලිස් නිලධාරීන් දෙදෙනා ඝාතනය කිරීමේ සිද්ධියට අදාළ නිරීක්ෂණ ද ඉතා වැදගත් වේ. එම සිද්ධියට අදාළව එදා පළමුව දැනුම් දෙනු ලැබූයේ එල්.ටී.ටී.ඊ. සංවිධානය විසින් ඒ ඝාතන සිදුකළ බවටය. එහි ප්‍රතිඵලයක් ලෙස තම්බිරාස කුමාර් සහ රාසනායගම් සර්වානන්දන් යන දෙදෙනා අත්අඩංගුවට ගනු ලැබූහ.

වාර්තාවේ ඇමුණුම් පරීක්ෂා කළවිට පරස්පර විරෝධි කරුණු රැසක් අනාවරණය වේ. ඒ් සම්බන්ධයෙන් වන එක් බුද්ධි අංශ වාර්තාවක සඳහන් වනුයේ එවකට සිරගතව සිටි සිවනේෂතුරෙයි චන්ද්‍රකාන්ත් හෙවත් පිල්ලෙයාන් මේ සිද්ධිය පිටුපස සිටින බවය. වවුනතිව්වලදී මියගිය ගනේෂ් නැමැති පොලිස් නිලධාරියා සමඟ අනියම් සම්බන්ධතාවක් පැවැත් වූයේ යයි කියන කාන්තාවකගේ සැමියා විසින් ඝාතනය කළ බවට ද ඊට අදාළ තවත් බුද්ධි අංශ වාර්තාවක සඳහන් විය.

ජාතික තවුහිද් ජමාත් (NTJ) සංවිධාන‌යේ ක්‍රියාකාරකම් සොයා ගැනීමට බුද්ධි අංශවලට මාස හතරක් ගතවීමට හේතුව ජාතික බුද්ධි අංශවලට තොරතුරු ලබා ගැනීමේ විධිමත් ජාලයක් නොතිබීම යයි හමුදා බුද්ධි අංශ අධ්‍යක්ෂ (DMI) සඳහන් කර ඇත.

""Regarding the gap of four months until discovery of the NTJ, the DMI's explanation was that it was attributable to the lack of network they had at the time to elicit the intelligence. ""

REPORT OF THE COMMITTEE OF INQUIRY INTO INTELLIGENCE COORDINATION AND INVESTIGATIVE PROCESSES RELATED TO THE EASTER SUNDAY BOMBINGS OF 21ST APRIL 2019 (Page No 12)

විදේශ බුද්ධි සේවයක් වූ ඉන්දියන් බුද්ධි අංශයට මේ ප්‍රදේශයේ ශක්තිමත් තොරතුරු ජාලයක් පැවැතිය ද, එම ප්‍රදේශයේම ලංකාවේ බුද්ධි අංශ ක්‍රියාත්මක වීමේදී දරුණු කඩා වැටීමක් දැකිය හැකිය. අප සතුව ශක්තිමත් බුද්ධි තොරතුරු ජාලයක් නොතිබීම භායනක තත්ත්වයකි. මන්ද රටෙි ආරක්ෂාවට එය විශාල තර්ජනයක් වන බැවිනි. මගේ අවධානය යොමු වූයේ මේ කාරණය සම්බන්ධයෙනි.

මගේ අරමුණ වූයේ රදගුරු සම්මේලනයේ ප්‍රතිචාරය ලබාගෙන නිතීපති වාර්තාව ද සමග බුද්ධි සේවා කඩා වැටීම සහ පාස්කු ප්‍රහාරය සම්බන්ධයෙන් සොයා බැලීමට පාර්ලිමේන්තු තේරීම් කාරක සභාවක් පත් කිරීමය. මන්ද මේ ආකාරයට ජාතික බුද්ධි සේවයේ කඩා වැටීම රටේ ජාතික ආරක්ෂාවට විශාල තර්ජනයක් ද වන නිසාය.

පාර්ලිමේන්තු තේරීම් කාරක සභාවක් පත්කර පසුව එහි වාර්තාව ජ්‍යෙෂ්ඨ නිලධාරීන්ගෙන් හා ප්‍රවීනයන්ගෙන් සැදුම්ලත් ත්‍රිපුද්ගල කමිටුවක් හරහා බුද්ධි අංශ සම්පූර්ණයෙන්ම  ප්‍රතිසංවිධානය කිරීම සඳහා යෝජනා ගැනීමට ද මම අදහස් කරගෙන සිටියෙමි. ජාතික  බුද්ධි සේවයේ දරුණු කඩා වැටීම සම්බන්ධයෙන් පාස්කු කොමිෂන් වාර්තාවේ කිසිවක් සඳහන් නොවූ බව ද සිහිපත් කිරීමට කැමැත්තෙමි.

මේ වනවිට ඉමහත් ආන්දෝලනයකට තුඩු දී තිබෙන මේ වාර්තාව පසුගිය ජනාධිපතිවරණ සමයේ මා අතට ලැබුණු නමුත් පාස්කු ප්‍රහාරය දේශපාලනයට ඈඳා ගැනීමට ඇති අකමැත්ත නිසා ඒ වාර්තා ප්‍රසිද්ධියට පත්කිරීමට මම කටයුතු නොකෙළමි. මේ සම්බන්ධයෙන් වාර්තාවක් කැඳවීමට අවශ්‍යව තිබූ බැවින් ඉහත පිළිවෙත මම අනුගමනය කළ බව ද සඳහන් කරමි.

කාදිනල් හිමිපාණන් මා සම්බන්ධව සිදුකළ සියළු ප්‍රකාශ පදනම් විරහිතය. පාස්කු වාර්තා සම්බන්ධයෙන් නිල ප්‍රකාශයක් කළ යුත්තේ රදගුරු සම්මේලනය යි.

ඉහත සියලු කරුණු සැළකිල්ලට ගෙන පාස්කු වාර්තා ගෙනහැර දක්වමින් දේශපාලනය නොකරන ලෙස සෑම පාර්ශ්වයකින්ම මම ඉල්ලා සිටිමි.""",Far Right,Far Right,,2
a07fa6cf-788c-5be2-9cb6-9192ead54706,Ada Derana Sinhala,http://sinhala.adaderana.lk/news/214558,2025-09-14 00:00:00+00:00,මගී ප්‍රවාහන බස් රථයක මත්ද්‍රව්‍ය ඇති බවට ඔත්තුවක්,"මගී ප්‍රවාහන බස් රථයක මත්ද්‍රව්‍ය ඇති බවට ඔත්තුවක්

සිරිපුර සිට මහනුවර බලා ධාවනය වූ පුද්ගලික බස් රථයක රිය සහයක සන්තකයේ මත්ද්‍රව්‍ය තිබෙන බවට ලද තොරතුරක් මත ඊයේ (13) ගිරාදුරුකෝට්ටේ පොලිස් ස්ථානයේ නිලධාරීන් එම බස් රථය පොලිස් ස්ථානය ඉදිරිපිටදීම නවත්වා පරීක්ෂාවට ලක්කර ඇත.

එහිදී මදන මෝදක ලෙස හදුන්වන මත්ද්‍රවය ගුලි 05ක් එම සහයක සන්තකයේ තිබී සොයාගැනීමට පොලීසියට හැකිව තිබේ.

ඒ් හේතුවෙන් එම බස් රථයේ සිටි මගීන් බස්සවා වෙනත් බස් රථයකට යොමුකර ඇත.

ඉන් අනතුරුව රියදුරු සහ සහයක වෛද්‍ය පරීක්ෂණයක් සඳහා මහියංගනය මූලික රෝහල වෙත යොමුකර තිබේ.

එහිදී අනාවරණය වී ඇත්තේ මත්ද්‍රව්‍ය ගුලි සන්තකයේ තබාගෙන සිටි රිය සහයක මත්ද්‍රව්‍ය භාවිතා කර නොමැති බවත්, බස් රථයේ රියදුරුගේ ශරීරයේ ගංජා මත්ද්‍රව්‍ය අන්තර්ගතව ඇති බවත්ය.

ඒ අනුව ඔවුන් දෙදෙනා අත්අඩංගුවට ගෙන මහියංගනය මහෙස්ත්‍රාත් අධිකරණයවෙත ඉදිරිපත් කරනු ලැබීය.

තවද එම ගුලි නිකුත්කළ ඔසුසලක් සම්බන්ධවද පොලීසිය විසින් විමර්ශනයක් ආරම්භකර ඇත.",Center,,Right,2
a369cd83-ed0d-547d-91b8-905fb27afec9,Lanka Deepa,https://www.lankadeepa.lk/news/හමද-සබළ-වඩ-වද-රහල/101-683822,2025-11-25 00:00:00+00:00,හමුදා සෙබළා වෙඩි වැදී රෝහලේ,"හමුදා සෙබළා වෙඩි වැදී රෝහලේ

මුලතිව්, කොකාවිල් 4, යුද හමුදා සන්නද්ධ බුද්ධි බලකා කඳවුරේ  යුද හමුදා සෙබළෙකු වෙඩි වැදී බරපතල තුවාල ලබා යාපනය රෝහලට ඇතුළත් කර ඇති බව මාන්කුලන් පොලිසිය පවසයි.

මෙසේ තුවාල ලබා ඇත්තේ දෙහිඅත්තකන්ඩිය ප්‍රදේශයේ පදිංචි 36 හැවිරිදි යුද හමුදා සෙබළෙකි.

එම යුද හමුදා සෙබළා තමා සන්තකයේ තිබූ ටී පනස් හය වර්ගයේ ගිනි අවියෙන් වෙඩි තබා ගැනීමට උත්සාහ කළේ ද යන්න පිළිබඳව පොලිසිය වැඩිදුර විමර්ශන සිදු කරයි.",Right,Center,Center,3
a8b1790c-2837-5a98-ad9d-36d9bf938129,BBC Sinhala,https://www.bbc.com/sinhala/articles/cxrk00pzpl7o,2024-02-08 00:00:00+00:00,ශ්‍රී ලංකාවේ පාසල් අධ්‍යාපනය: විදුහල්පති තනතුරු පිරිනමන්නේ ජාතිකත්වය හෝ ඇඳුම මත පදනම්ව ද?,"ශ්‍රී ලංකාවේ පාසල් අධ්‍යාපනය: විදුහල්පති තනතුරු පිරිනමන්නේ ජාතිකත්වය හෝ ඇඳුම මත පදනම්ව ද?

මෙරට බොහෝ කතුන් මෙන් සාරිය හුරුදු පුරුදු ෆාතිමා විදුහල්පති විභාගයෙන් සමත්ව තම නව තනතුරේ රාජකාරි කිරීමට පාසලක් තෝරා ගැනීමේ කටයුතු ආදිය සඳහා යොමු වූයේ බලාපොරොත්තු රැසක් පොදි බැඳ ගෙන ය.

ෆාතිමා යනු, මෙහි සත්‍ය කතා නායිකාවගේ අනන්‍යතාව සුරැකීම සඳහා බීබීසී සිංහල අප භාවිත කරන අන්වර්ථ නාමයකි.

ඇයගේ බලාපොරොත්තු අතර තම වෘත්තීමය අභිවෘද්ධිය සාක්ෂාත් කර ගැනීම පමණක් නොව, රටේ අනාගතය භාර ගැනීමට සිටින දරුවන්ගේ නැණගුණ වර්ධනය කිරීමේ අරමුණ ද විය.

කෙසේ වෙතත්, එම සිතුවිලි මොහොතකට නතර කර දමන තරම් කම්පනයකට පත් කරන සිදුවීමක් එහිදී තමන්ට අත්විඳින්නට වනු ඇතැයි ඇය කිසි විටෙකත් නොසිතුවා ය.

""ඔයා සාරි අඳින නිසා මට ඕනේ තැනකට දාන්න පුළුවන්. හැබැයි මෙයා තමයි ප්‍රශ්නේ,"" යැයි රාජ්‍ය ආයතන ප්‍රධානියෙක් ෆාතිමාගේ මිතුරිය පෙන්වා පැවසීය.

ෆාතිමා යනු, අධ්‍යාපන ක්ෂේත්‍රයේ වසර ගණනක පළ පුරුද්දක් ඇති, විවිධ වයස් මට්ටම්වල, විවිධ ජාතීන්වලට අයත් දරුවන් සිටින පාසල් කිහිපයක ම ඉගැන්වීම් කටයුතු කළ, සිංහල හා මුස්ලිම් යන සංස්කෘතීන් ද්විත්වය ම මිශ්‍ර පවුල් පසුබිමකින් පැවත එන, විවිධ ජාතීන්වලට අයත් දරුවන් සිටින පාසලක ද්විතීයික අධ්‍යාපනය ලැබූ, මෙරට රාජ්‍ය විශ්වවිද්‍යාලයක උපාධිධාරිනියකි.

ෆාතිමා මුස්ලිම් ජාතික කාන්තාවක වුව ද රාජකාරි කටයුතු සඳහා ඇඳීමට ඇය තෝරා ගත්තේ සාරිය යි. ඇයගේ මිතුරිය ද මුස්ලිම් ජාතික කාන්තාවක වූ අතර, ඇය තෝරා ගෙන තිබුණේ, මුස්ලිම් ජාතික කාන්තාවන් නිතර අඳින දිගු ගවුම එනම්, අබායා ඇඳුම ය.

""ඔයාව කොහොමත් මුස්ලිම් එකකට තමයි දාන්න ඕන,"" යැයි ෆාතිමාගේ මිතුරිය වෙත අදාළ ආයතන ප්‍රධානියා පැවසුවේ, ඇය තම සංස්කෘතියෙන් උරුම වූ අබායා ඇඳුම අඳින නිසා ය.

ෆාතිමා සඳහන් කළේ, ඔවුන් සිංහල මාධ්‍යයෙන් රාජකාරි කරන බැවින් සිංහල මාධ්‍යයට අදාළව විදුහල්පති පුරප්පාඩු පවතින පාසල් 10ක් තෝරා ගැනීමට අවස්ථාව ලැබුණු බව ය.

නමුත් අදාළ රාජ්‍ය ආයතන ප්‍රධානියා පැවසූ පරිදි, තම මිතුරියට තෝරා ගැනීමට ඇඳුමට ගැලපෙන සිංහල මාධ්‍ය පාසල් තිබී ඇත්තේ ඉතා සීමිත ගණනකි.

ඇයට ඒ සඳහා විකල්ප නොතිබුණු බැවින්, ""පුරප්පාඩු නොමැති මුස්ලිම් පාසල් ද ඇතුළත් කළා,"" යැයි ෆාතිමා බීබීසී සිංහල සේවය හා පැවසුවා ය.

ෆාතිමා පෙන්වා දෙන පරිදි මෙම ගැටලුවට වැඩි වශයෙන් මැදි වන්නේ, සිංහල මාධ්‍යයෙන් රාජකාරි කරන, ආබයා ඇඳුම අඳින මුස්ලිම් ජාතික කාන්තාවන් ය.

""අපි අපේ රාජකාරිය ඉටු කරද්දී ඒ ළමයා සිංහල ද දෙමළ ද කියලා බලන්නේ නෑ. අපිට පුළුවන් උපරිම දෙන්න තමයි බලන්නේ, ඒ ළමයා මුස්ලිම් ළමයෙක් වුණත් සිංහල ළමයෙක් වුණත්.

දැන් අපි ඉස්කෝලේ යන කාලේ අපිටත් එහෙමනේ වුණේ. සිංහල ගුරුවරුන්ගෙනුත් අපි ඉගෙන ගත්තා නේ. දැන් මේ වගේ අවස්ථාවක මෙහෙම වෙන් කරලා සලකන එක නම් ඇත්තට ම දුකයි. මොක ද ඇඳුම නිසා අපිව මේ විදහට මනින එක ගැන.""

ඇය තව දුරටත් පෙන්වා දුන්නේ, පාසල් දරුවන්ගේ විෂය නිර්දේශවල ප්‍රාථමික අංශයේ සිට ම විවිධ ජාතීන්වලට අයත් ප්‍රජාවගේ ආහාර පාන, ඇඳුම් පැළඳුම් ආදිය පිළිබඳව අන්තර්ගත බව ය.

එවැනි පසුබිමක පාසලක් තුළ අවම වශයෙන් සෑම ජාතිකයට ම අයත් එක් අයෙකු හෝ සිටී නම් ඔවුන් යොදා ගනිමින් දරුවන්ට ප්‍රයෝගික දැනුම ලබා දීමට ඉඩකඩ ලැබෙන බව ඇය පැවසුවා ය. ඇතැම් පාසල් තුළ එවැනි විවිධත්වයක් ඇති බව ද ඇය සඳහන් කළා ය.

""ඒ ළමයින්ටත් ආසාවක් ඇති වෙනවා නේ. එතකොට ඒ ළමයි හරි ඔක්කොම එකට ඉන්න බලාවි.""

සංස්කෘතික වශයෙන් සංමිශ්‍ර වී සිටීම සමාජ ප්‍රගමනයට උර දෙන බව ඇයගේ අදහසයි.

අදාළ රාජ්‍ය ආයතන ප්‍රධානියා අබායා ඇඳුම සම්බන්ධයෙන් මතු කළ ඇතැම් ප්‍රශ්නවලදී තම මිතුරිය දැඩි ලෙස අපහසුතාවට පත් වුණු ආකාරය පිළිබඳව ද ෆාතිමා බීබීසී සිංහල සේවය හා පැවසුවේ දැඩි කණගාටුවෙනි.

""ගුරු භූමිකාව, ගුරු පෞරුෂය සාරියට මුවාකරපු මිනිස්සුන්ට සාරිය නැතුව බෑ""

ඇය පෙන්වා දුන්නේ, පාස්කු ඉරිදා ප්‍රහාරය සිදුවූ කාලයේ ඇති වූ ගැටලුවලට සාපේක්ෂව මේ වන විට සමාජය තුළින් තමන්ට එතරම් ගැටලු ඇති නොවන බව ය.

යම් හෙයකින් තමා අබායා ඇඳුම හෝ හිස ආවරණය කර ගන්නා ඇඳුමකින් සැරසී වැඩි වශයෙන් සිංහල ජනතාවක් වෙසෙන ප්‍රදේශයක පාසලක් වෙත අනුයුක්ත කළහොත් එහිදී තමන්ට ප්‍රශ්නවලට මුහුණ දීමේ හැකියාවක් ඇති බව ද ඇය පැවසීය.

""ඒත් ඒ මිනිස්සු මට මෙහේ මිනිස්සුන්ට වඩා හොඳින් සලකන්නත් පුළුවන්. ඒ දෙපැත්ත ම තියෙනවා. ඒ උණාට හිතේ චකිතෙන් තමයි යන්න වෙන්නේ. ඒ ගියාට පස්සේ එයාලත් එක්ක එකතු වෙලා පරිසරය හදා ගන්න එක මගේ වැඩක්,"" ඇය තම අදහසට ඌණපූරණයක් එක් කළා ය.

ෆාතිමා වැඩිදුරටත් සඳහන් කළේ, ""[ඇඳුමක් නිසා වෙනස් කොට සැලකීමේ] ආදර්ශය ළමයින්ට නේ දෙන්නේ. එතකොට ළමයිත් ඒ විදිහට ම නේ හිතන්නේ. ඊට වඩා මිශ්‍ර සංස්කෘතියක් එක්ක පාසල ඇතුළෙත් යන්න පුළුවන් නම් ඒක ගොඩක් වටිනවා.""

'ජාතිකත්වය පදනම් කරගෙන ගුරුවරුන්ට හෝ විදුහල්පතිවරුන්ට පාසල් තෝරා ගන්න දීම වැරදියි'

ගුරු - විදුහල්පති ගැටලු වෙනුවෙන් ද පෙනී සිටින ඒකාබද්ධ ගුරු සේවා සංගමයේ ප්‍රධාන ලේකම් අමිල සඳරුවන් බීබීසී සිංහල සේවය හා පැවසුවේ, තම පෞද්ගලික අදහස ""ජාතිකත්වය පදනම් කරගෙන ගුරුවරුන්ට හෝ විදුහල්පතිවරුන්ට පාසල් තෝරා ගන්න දීම වැරදි,"" බව ය.

ස්ත්‍රී-පුරුෂ සමාජභාවය සහ ආගම් මත පාසල් බෙදීමෙන් සංහිඳියාව රජයන රටක් කරා ගමන් කරන්නේ කෙසේ ද? යන්න ඔහු ප්‍රශ්න කළේ ය.

""එහෙම බෙදිලා අපි කවද ද හැම කෙනෙකුට ම ගරු කරන, ඒ මිනිස්සු දරා ගන්න, සංහිඳියාව තියෙන රටක් හදන්නේ?""

ඔහු පෙන්වා දුන්නේ, ""විශේෂ අපහසුතාවක්"" ඇති නොවන අවස්ථාවලදී ජාතිය මත පදනම්ව විදුහල්පතිවරුන් හෝ ගුරුවරුන් පාසල් වෙත අනුයුක්ත කිරීමට තමන් විරුද්ධ බව ය.

""මම යම් ආගමක, ජාතියක වීම නිසා මම අපහසුතාවට පත් වෙනවා නම් මාව එතනට දාන එකේ ප්‍රශ්නයක් තියෙනවා. නමුත් අපිට මේක ගොඩ දාන්න ඕනේ නම්, රට සංහිඳියාවක් තියෙන තැනකට ගේන්න ඕනේ නම්, ස්ත්‍රී-පුරුෂ සමාජභාවය මත පදනම් වෙලාවත්, ආගමික විධියටවත්, ජාතීන් විධියටවත් නැතිව හැමෝම සාමාන්‍ය මනුස්සයෝ කියලා සලකලා අපිට බඳවා ගැනීම් කරන්න පුළුවන් නම් ඒක වැදගත්.""

""මුස්ලිම් සංස්කෘතිය ගැන මම දන්නේ නැති වුණා ම මට හැමදා ම මුස්ලිම් සංස්කෘතිය බිල්ලෙක්. සිංහල සංස්කෘතිය ඇතුළේ මුස්ලිම් මනුස්සයෙකුට ජීවත් වෙන්න බැරි වුණා ම මුස්ලිම් මනුස්සයට සිංහල සංස්කෘතිය බිල්ලෙක්. එතකොට අපි නොදන්නා දෙයක් ගැන හැමදා ම බිල්ලෙක් හදනවනේ. අපි ඕක ඇතුළට ගියොත් අපිට තේරෙනවා මුස්ලිම් සමාජය ඇතුළේ සහෝදරත්වය තියෙනවා කියලා. දෙමළ සමාජය ඇතුළට කියා ම ඒ සහෝදරත්වය අපිට තියෙනවා.""

ඔහු පෙන්වා දුන්නේ, සෑම මනුස්සයෙකු ම සමාන බව ත් ඒ හැම කෙනෙකුට ම මෙම පද්ධතිය තුළ සමානව රාජකාරි කිරීමේ අවස්ථාව තිබිය යුතු බව ත් ය.

""අපි පාසල් පද්ධතියට ඇවිල්ලා ළමයින්ගේ  ඔළු හැදුවොත් තමයි හෙට පරම්පරාව මේ විභේදනය නැතිව හැමෝම සාමාන්‍ය මිනිස්සු කියලා තේරුම් ගන්නේ. පාසල් පද්ධතිය ඇතුළෙත් අපි එක විශේෂීකරණය කළොත් වෙන්නේ පාසලෙන් එළියට එන ළමයා අපි හැමෝම සාමාන්‍ය මිනිස්සු කියන එක පිළිගන්නේ නැහැ,"" ඔහු බීබීසී සිංහල සේවය සමග වැඩිදුරටත් පැවසීය.

'එක වර්ගයක හෝ එක හැඩයක දෙයක් විතරක් බලාපොරොත්තු වෙනවා නම් එතන තියෙන්නේ ගෝත්‍රික සංකල්පයක්'

කුඩා කල සිට ම මිශ්‍ර සංස්කෘතික පරිසරයක හැදී වැඩුණු, ඉස්ලාමීය පවුල් පසුබිමකට උරුමකම් කියූ, මෙරට ප්‍රමුඛ පෙළේ බෞද්ධ පාසලක ද්විතීයික අධ්‍යාපනය ලැබූ, එහිදී විෂයයක් ලෙස බෞද්ධ ධර්මය හැදෑරූ, ශ්‍රී ජයවර්ධනපුර විශ්වවිද්‍යාලයේ සිංහල භාෂාව පිළිබඳ ශාස්ත්‍රවේදී උපාධිය හදාරා පසුව කැලණිය විශ්වවිද්‍යාලයේ ද සිංහල භාෂාව පිළිබඳ ශාස්ත්‍රපති උපාධිය හැදෑරූ, සිංහල බස පෝෂණය කිරීමෙහි ලා කැපවුණු, සිංහල බසින් ගීත 700කට ආසන්න සංඛ්‍යාවක් ලියූ ප්‍රවීණ ගේය පද රචකයෙකු සහ ජනප්‍රිය රූපවාහිනී වැඩසටහන් ඉදිරිපත් කරන්නෙකු වන නිලාර් එන්. කාසිම් ද බීබීසී සිංහල සේවය සමග අදහස් දැක්වීය.

ඔහු පෙන්වා දුන්නේ, සංමිශ්‍රනය තුළ ගැබ්ව ඇත්තේ විවිධත්වය බව ය. විවිධත්වය යනු, පොදු කාරණයක් බව ත්, ස්වභාවධර්මයට අනුගතව මිනිසුන් ලෙස අපට එය පිළිගැනීමට සිදුවන බව ත් ඔහු සඳහන් කළේ ය.

""ශ්‍රී ලංකාව තුළ සහශ්‍රයකට එහා ගිය අතීතයක ඉඳලා මේ සංමිශ්‍රනය කියන එක තිබ්බ දෙයක්. ඒක ස්වභාවිකව තිබුණු දෙයක්. ඒ නිසා ඒ තියෙන යථාර්ථයන්ට පටහැනිව ජීවත් වෙන්න බැහැ. ඉන් පටහැනිව අපි එක වර්ගයක හෝ එක හැඩයක දෙයක් විතරක් බලාපොරොත්තු වෙනවා නම් එතන තියෙන්නේ කිසියම් විධියක ගෝත්‍රික සංකල්පයක්.

ජනතාව අතර ඇති විවිධත්වය, සංස්කෘතීන් අතර ඇති විවිධත්වය, ඔවුන්ගේ ඇඳුම් පැළඳුම් සහ ඔවුන්ගේ ඇදහීම් අතර ඇති විවිධත්වය පිළිනොගන්නේ නම්, ශ්‍රී ලාංකිකයින්ට ගෝත්‍රවාදී ජන කොට්ඨාසයක් බවට පත් වී ලෝකයෙන් කොන් වීමට සිදුවන බව ඔහු පෙන්වා දුන්නේ ය.

ඔහු සඳහන් කළේ, ශ්‍රී ලංකාව යනු මානව අයිතිවාසිකම් ප්‍රඥප්තිය ආරක්ෂා කිරීමට බැඳී සිටින රටක් බව ය. එවැනි රටක් තුළ අප එකිනෙකාගේ අනන්‍යතාවට ගරු කිරීමට ද බැඳී සිටින බව ඔහුගේ මතය විය.

""අපිට කෙනෙක් ඇඳුම නිසා කොන් කරන්න සිද්ධ වෙනවා නම්, ඒ තුළ තියෙන්න අපට බොහෝ ම පිළිගත නොහැකි, සදාචාර සම්පන්න නොවන ගෝත්‍රික තත්ත්වයක්. ඒ නිසා ඕනෑ ම කෙනෙකුට තමන්ගේ සංස්කෘතියට, තමන්ගේ හැදියාවන්ට අනුකූල ඇඳුමක් ඇඳීමේ අයිතිවාසිකම තියෙනවා.""

අනෙකාගේ සංස්කෘතික චාරිත වාරිත්‍රවලට ගරු කරන තැනකට අප අපව ඔසවා තැබිය යුතු යැයි ඔහු වැඩිදුරටත් පැවසීය.

ෆාතිමාගේ අත්දැකීම සහ විදුල්පතිවරුන් සහ විදුහල්පතිනියන් සම්බන්ධයෙන් විශේෂ වූ ඇඳුමක් චක්‍රලේඛයක් මගින් හෝ නියම කර ඇති ද යන්න පිළිබඳව දැන ගැනීම සඳහා බීබීසී සිංහල සේවය, දුරකතනය ඔස්සේ අධ්‍යාපන අමාත්‍ය නීතිඥ (ආචාර්ය) සුසිල් ප්‍රේමජයන්ත කිහිප වරක් ම සම්බන්ධ කර ගැනීමට උත්සහ දැරුව ද එය ව්‍යර්ථ විය.

එමෙන් ම, එම අමාත්‍යංශයේ ලේකම්වරිය ලෙස කටයුතු කරන වසන්තා පෙරේරා දුරකතනය ඔස්සේ සම්බන්ධ කර ගැනීමට ගත් උත්සහය ද ව්‍යර්ථ විය.

කෙසේ වෙතත්, එවැනි නිශ්චිත ඇඳුමක් නියම කර ඇතැයි ද යන්න පිළිබඳව අප කළ සොයා බැලීමකදී, එවැනි චක්‍රලේඛයක් නිකුත් කර නොමැති බවට දැන ගැනීමට හැකි විය.

මේ සම්බන්ධයෙන් අප රාජ්‍ය පරිපාලන, ස්වදේශ කටයුතු, පළාත් සභා හා පළාත් පාලන අමාත්‍යංශ ලේකම් ප්‍රදීප් යසරත්නගෙන් ද විමසීමක් කළ අතර, ඔහු සඳහන් කළේ පාසල් සම්බන්ධ ප්‍රතිපත්තිමය තීරණ ගනු ලබන්නේ අධ්‍යාපන අමාත්‍යංශයෙන් බව ය.

එසේ වුව ද, රාජ්‍ය නිලධාරීන්ගේ ඇඳුම සම්බන්ධයෙන් එම අමාත්‍යංශය අවස්ථා කිහිපයකදී ම චක්‍රලේඛ නිකුත් කර තිබේ.

රජයේ නිලධාරින්ගේ ඇඳුම සම්බන්ධයෙන් රාජ්‍ය පරිපාලන අමාත්‍යංශය මගින් 2022 වසරේ නිකුත් කරන ලද චක්‍රලේඛය පාසල් ගුරුවරියන් සම්බන්ධයෙන් ද අදාළ කර ගැනීම සඳහා ලංකා ගුරු සංගමය විසින් අධ්‍යාපන අමාත්‍යංශ ලේකම්වරයා වෙත එම වසරේ ම ඔක්තෝබර් මස 31 වන දා ලිපියක් යොමු කරනු ලැබ තිබිණි.

පවතින ආර්ථික පීඩා සහ ප්‍රවාහන පහසුකම් සපයා ගැනීමේදී අධික පිරිවැයක් දැරීමට සිදුවීම ඊට හේතු ලෙස ඔවුන් සිය ලිපිය මගින් පෙන්වා දී තිබිණි.

කෙසේ වෙතත්, එම ඉල්ලීම සඳහා මහා සංඝරත්නය විරෝධය පළ කර තිබුණේ, පාසල් ගුරුවරුන්ට පහසු ඇඳුමකින් සැරසී පැමිණීමට ඉඩ ලබා දීම මෙරට සංස්කෘතියට නොගැලපෙන බව පවසමිනි.

එම වසරේ ම නොවැම්බර් මස 4 වන දා අධ්‍යාපන අමාත්‍යංශය මගින් නිකුත් කර තිබූ නිවේදනයක අධ්‍යාපන අමාත්‍ය නීතිඥ (ආචාර්ය) සුසිල් ප්‍රේමජයන්ත සුසිල් ප්‍රේමජයන්ත උපුටා දක්වමින් සඳහන් කර තිබුණේ, අධ්‍යාපන අමාත්‍යංශය ගුරුවරුන්ගේ ඇඳුමේ කිසිදු වෙනසක් නොකරන බව ය.",,Far Right,Far Left,2
b10cbeb3-c70c-5e87-987f-fe88796b7f7b,Ada,https://www.ada.lk/breaking_news/තෑගි-මුදල්-දෙනව-කියල-කෝල්-ආවට-විස්තර-දෙන්ඩ-එපා/11-412167,2024-09-26 00:00:00+00:00,තෑගි මුදල් දෙනව කියල කෝල් ආවට විස්තර දෙන්ඩ එපා,"තෑගි මුදල් දෙනව කියල කෝල් ආවට විස්තර දෙන්ඩ එපා

රජයේ සහ පෞද්ගලික බැංකුවල ගිණුම් පවත්වාගෙන යනු ලබන පුද්ගලයන් රවටා ඔවුන්ගේ ගිණුම්වල මුදල් අදින සංවිධානාත්මක කල්ලියක් පිළිබඳව මහනුවර මූලස්ථාන පොලිසිය විමර්ශන ආරම්භ කොට තිබේ.

මහනුවර මූලස්ථාන පොලිසියට ලද එවැනි පැමිණිලි අටක් සම්බන්ධයෙන් මේවන විටත් විමර්ශන ආරම්භ වී ඇති අතර තවදුරටත් පැමිණිලි ලැබෙමින් පවතින බවද පොලිසිය කියයි .

එම සංවිධානාත්මක කල්ලිය ඔවුන්ගේ ගොදුරු වශයෙන් යොදාගනු ලබන්නේ වයස අවුරුදු 45-50 ඉක්මවූ පරිගණක තාක්ෂණය පිළිබඳ අඩු දැනුමක් ඇති පුද්ගලයන් බවද පොලිසිය කියයි .

ඔවුන්ගේ ගිණුම්වල මුදල් ඇති බවට කිසියම් ආකාරයකට සොයාගන්නා මෙම සංවිධානාත්මක කල්ලිය පළමුව සිදු කරනු ලබන්නේ ඔවුන්ගේ ජංගම දුරකථන අංකය සොයාගෙන ඔවුන්ට මුදල් ත්‍යාගයක් ඇති බව පවසා ඔහුගේ හෝ ඇයගේ හැඳුනුම්පත් අංකය සහ ගිණුම් අංකය ලබාගැනීමත් බවත් ඉන් අනතුරුව ඔවුන්ගේ ජංගම දුරකථන අංකයට ලැබෙන එක් වරක් පමණක් භාවිතා කළ හැකි තාවකාලික රහස් අංකය (OTP) එම සංවිධානාත්මක කල්ලියට ලබා දෙන ලෙස දැනුම් දෙන බව පොලිසිය කියයි .

එම තාවකාලික රහස්‍ය අංකය ලැබුණු සැණින් ඔවුන්ගේ ගිණුමේ මුදල් වෙනත් ගිණුම් අංකයකට බැර වන බවද පොලිසිය කියයි . බොහෝ විට මෙම කල්ලියට හසුවනු ලබන්නේ මුදල් වලට ගිජු බවක් දක්වන පුද්ගලයන් බවද පොලිසිය කියයි. මෙම සංවිධානාත්මක කල්ලියේ ප්‍රධානීන් විදේශගතව සිටිමින් ජාවාරම මෙහෙයවන බවට පොලිස් විමර්ශනවලදී අනාවරණය වී ඇති බවද පොලිසිය පවසන අතර තමන්ට ත්‍යාග මුදලක් ලැබී ඇති බවට ජංගම දුරකථනයට ඇමතුමක් ලැබුණහොත් ඊට ප්‍රතිචාර නොදක්වන ලෙසද පොලිසිය මහජනතාවගෙන් ඉල්ලා සිටි. ( IJ )",Center,Center,,2
b423b77a-a538-5627-b27f-1406457b0c9d,Ada Derana Sinhala,http://sinhala.adaderana.lk/news/192800,2024-01-31 00:00:00+00:00,සෞඛ්‍ය අංශ හෙට වැඩවර්ජනයක,"සෞඛ්‍ය අංශ හෙට වැඩවර්ජනයක

වෛද්‍යවරුන් සඳහා වැඩි කළ දීමනාව තමන්ටද ලබාදෙන ලෙස ඉල්ලා සෞඛ්‍ය අංශයේ වෘත්තීය සමිති 72ක් හෙට (01) දිනයේ දිවයින පුරා වැඩවර්ජනයක් දියත් කිරීමට නියමිතය.

වෛද්‍යවරුන් හැර සෞඛ්‍ය අංශයේ වෘත්තීය සමිති 72ක් හෙට පෙරවරු 6.30 සිට එලෙස වැඩවර්ජනයේ නිරතවීමට සැලසුම් කර තිබේ.",,Left,Left,2
b6dcd351-f45a-57d0-bdf8-2135780528d2,Ada,https://www.ada.lk/breaking_news/අම්පාර-කොණ්ඩුවටුවාන--වැව-නැවතත්-වාන්-දමයි/11-420332,2025-12-18 00:00:00+00:00,අම්පාර කොණ්ඩුවටුවාන  වැව නැවතත් වාන් දමයි,"අම්පාර කොණ්ඩුවටුවාන  වැව නැවතත් වාන් දමයි

ඊසාන දින මෝසම සක්‍රිය විමත් සමගම අම්පාර දිස්ත්‍රික්කයට මහ වැසි වැටෙන්නට පටන් ගෙන තිබේ.ඒ   අනුව  අම්පාර  කොණ්ඩුවටුවාන වැව ස්ථාන  දෙකකින් වාන් දැමිම නිසා  අම්පාර ඉගිනියාගල මාර්ගයේ  ගමනා ගමනයට  බාධා ඇතිවිය.

සේනානායක සමුද්‍රෙය් ජල මටට්ම 90.4 දක්වා පවතින අතර එහි වාන් මට්ටම වන්නේ අඩි 110 කි. දැනට   සේසානයක සමුද්‍රෙය් වානක් ට දොරටු පහම විවෘත කරඇති අතර  අතර  ඉන් එක දොරටුවක් අඩි දෙක බැගින්  ඔසවා තිබේ දැනට මෙම දොරටු පහෙන් සහ  ප්‍රධාන වම් ඇල සහ ප්‍රධාන  දකුණු  ඇලට මුද හරින ජල ප්‍රමානය තප්පරයකට ඝන අඩි 2270 ක්  බව අම්පාර වාරිමාර්ග ඉංජිනේරු වසන්ත  කුමාර මහතා පැවසිය.",,Center,Center,2
bba96739-95c5-53b4-b76d-c4402d73edc1,Ada,https://www.ada.lk/breaking_news/කඩුගන්නාව-ගනේතැන්න-මාර්ගය-අදත්-වසයි/11-419848,2025-11-24 00:00:00+00:00,කඩුගන්නාව ගනේතැන්න මාර්ගය අදත් වසයි,"කඩුගන්නාව ගනේතැන්න මාර්ගය අදත් වසයි

පහළ කඩුගන්නාව ප්‍රදේශයේ මාර්ගය ගිලා බැසීම හේතුවෙන් වසා දැමු මහනුවර කොළඹ මාර්ගයේ ගණේතැන්න හා කඩුගන්නාව මාර්ගය අද දිනයේත් වසා දමා ඇත.

ගිලා බැස ගිය ස්ථානය කැගල්ල මාර්ග සංවර්ධන අධිකාරියේ නිලධාරින් විසින් බැකෝ යන්ත්‍ර උපයෝගි කරගෙන නඩත්තු කටයුතු කරන ආකාරය අද දිනයේ දකින්නට හැකිවිය.

එම ස්ථානයේ මාර්ගය පැලි ඇති තැන් වලින් ජලය කාන්දු විම නවතා දැමිම සදහා රසායනික ද්‍රව්‍යයක් යොදා ඉන් මතුපිට වැලි අතරන ආකාරය දකින්නට හැකි විය.",Center,Center,,2
c450e78f-8949-5f59-ba58-f16d52e262f5,Lanka Deepa,https://www.lankadeepa.lk/latest_news/හදස-ආපදව-පඩ-වරතව-මතසබයට/1-685390,2025-12-16 00:00:00+00:00,හදිසි ආපදාවේ පාඩු වාර්තාව මැතිසබයට,"හදිසි ආපදාවේ පාඩු වාර්තාව මැතිසබයට

හදිසි ආපදා තත්වයෙන් මාර්ග විදුලිය ජල සම්පාදන ක්ෂේත්‍රවලට රුපියල් කෝටි 10085 ක  පාඩුවක් සිදුව ඇතැයි ගණන් බලා ඇති බව ප්‍රවාහන  මහාමාර්ග සහ නාගරික සංවර්ධන අමාත්‍යාංශය යටිතල පහසුකම් සහ උපාය මාර්ගික සංවර්ධනය පිළිබඳ ආංශීක අධීක්ෂණ කාරක සභාවට දැනුම් දුන්නේ ය.

මේ අනුව  රට පුරා මාර්ග කැඩීබිඳී යෑමෙන් රුපියල් කෝටි 7500  ක  පාඩුවක්  සිදුව ඇතැයි ඇස්තමේන්තු කර ඇත.

එමෙන්ම එම විනාශ වූ මාර්ග හා පාලම් සම්පුර්ණයෙන් යථාතත්වයට පත්කිරීමට  රුපියල්  කෝටි 19000 ක  මුදලක් අවශ්‍යවන බවට ඇස්තමේන්තු ගත කර ඇති බවද  අමාත්‍යංශ නිලධාරීහු ප්‍රකාශ කළහ.

යටිතල පහසුකම් සහ උපාය මාර්ගික සංවර්ධනය පිළිබඳ ආංශීක අධීක්ෂණ කාරක සභාව පාර්ලිමේන්තු මන්ත්‍රී එස්. එම්. මරික්කාර් මහතාගේ සභාපතිත්වයෙන් පසුගිය දා  (11) පාර්ලිමේන්තුවේ දී  රැස්විය.",Right,Center,Center,3
c539bd7e-134f-5bbf-a80c-f2b7e1ded893,BBC Sinhala,https://www.bbc.com/sinhala/articles/cy4lv4ngdv9o,2024-08-15 00:00:00+00:00,ජනාධිපතිවරණය 2024: ජනපති සටනට අපේක්ෂකයින් 39ක්,"ජනාධිපතිවරණය 2024: ජනපති සටනට අපේක්ෂකයින් 39ක්

ජනාධිපතිවරණ ඡන්ද සටන ඇරඹෙයි...ප්‍රධාන අපේක්ෂකයින් මොකද කියන්නේ ?

2024 ජනාධිපතිවරණ ඡන්ද විමසීම සඳහා අපේක්ෂකයින් 39 දෙනෙක් අද (අගෝස්තු 15 වැනිදා) නාම යෝජනා භාර දුන්හ.

විරෝධතා දැක්වීමේ කාලසීමාව තුළ විරෝධතා 3ක් ඉදිරිපත් වුව ද, එම විරෝධතා ප්‍රතික්ෂේප කළ බව මැතිවරණ කොමිෂන් සභාවේ සභාපති ආර්.එම්.ඒ.එල් රත්නායක නිවේදනය කළේය.

ඒ අනුව ලබන සැප්තැම්බර් 21 වන දා පැවැත්වෙන 2024 ජනාධිපතිවරණය සඳහා  අපේක්ෂකයින් 39 දෙනෙකු තරග කරන අතර අපේක්ෂකයින් කිහිප දෙනෙක් රාජගිරිය මැතිවරණ කොමිෂන් සභාව ඉදිරිපිටදී මාධ්‍ය වෙත අදහස් පළ කළහ.",,Right,Center,2
c87b62e5-26bd-5737-a12a-60de8b28d128,Lanka Deepa,https://www.lankadeepa.lk/news/බදලල-82ක-මරට/101-684412,2025-12-01 00:00:00+00:00,බදුල්ලේ 82ක් මරුට,"බදුල්ලේ 82ක් මරුට

බදුල්ල දිස්ත්‍රික්කයේ සිදුවූ ආපදාවන්වලින් මියගිය ගණන 82 දක්වා අද (01) ඉහළ ගිය බව බදුල්ල දිස්ත්‍රික් ලේකම් පණ්ඩුක ශ්‍රී ප්‍රභාත් අබේවර්ධන මහතා පවසයි.

පසුගිය දිනවල වර්ශාවත් සමඟ සිදුවු  නායයාම්, පස්කදු  ගල්පර්වත ගස්කොළන් කඩා වැටීමෙන්  නිවාස හානියට පත්වීමෙන් දිස්ත්‍රික්කයේ පවුල් 10600ක සාමාජිකයන් 38439ක්  විපතට පත්ව සිටින බවත් ඉන් දිස්ත්‍රික්කයේ දැනට පිහිටුවා ඇති සුරක්ෂිත මධ්‍යස්ථාන 180ක පවුල් 6685ක පුද්ගලයන් 23777ක්  තාවකාලිකව රඳවා තබා ඇති බවද හෙතෙම කීය.

ඉතිරි පිරිස තමන්ගේ නෑදෑ හිතවතුන්ගේ නිවෙස්වල සහ තමන්ගේ නිවෙස්වල නතරව සිටින බවත් මොවුන්ට අවශ්‍ය ද පිසූ අහාර වියලි ආහාර ද්‍රව්‍ය මෙන්ම අනෙකුත් අවශ්‍ය  පහසුකම් සලසා දෙන බවත් දිස්ත්‍රික් ලේකම්වරයා පැවසීය.

විශේෂයෙන් දිස්ත්‍රික්කයේ මාර්ග අපහසුතාව නිසාවෙන් ඇතැම් ප්‍රදේශවලට සහන සේවා සැපයීම අපහසු වී ඇති බවත් කෙසේ හෝ එම ජනතාවට ද අවශ්‍ය සහන සේවා කටයුතු කඩිනමින් ලබාදීමට කටයුතු  සිදු කරන බවත් බදුල්ල දිස්ත්‍රික් ලේකම් පණ්ඩුක ශ්‍රී ප්‍රභාත් අබේවර්ධන මහතා වැඩිදුරටත් සඳහන් කළේය.",Center,Center,Center,3
ca58cd93-aa30-5820-a353-03073d396662,Ada,https://www.ada.lk/breaking_news/නාඩු-සහල්-හිඟයක්/11-412550,2024-10-17 00:00:00+00:00,නාඩු සහල් හිඟයක්,"නාඩු සහල් හිඟයක්

සහල් මෝල් හිමියන්ගේ ක්‍රියාකලාපය හේතුවෙන් දේශිය වෙලදපොලේ නාඩු සහල් හිගයක් පවතින බව හැටන් නගරයේ සහල් වෙලෙදුන් පැවසිය.

නාඩු සහල් කිලෝ පන්දහසක් මිල දි ගැනිමට සහල් මෝල් හිමියන්ගෙන් කීරි සම්බා කිලෝ පන්දහසක් මිල දි ගත යුතු බවත්, තවත් ප්‍රධාන පෙලේ සහල් මෝල් හිමියෙකුගෙන් නාඩු සහල් කිලෝ පන්දහසක් ලබා ගැනිමට කීරි සම්බා කිලෝ පහලොස්දහසක් මිල දි ගත යුතු බවත්, පවත්නා තත්ත්වය මත තම වෙලදසැල් තුල කීරි සම්බා තොග ගොඩ ගැසි ඇති බවයි සහල් වෙලෙදුන් කියා සිටින්නේ.

ඒ අනුව නාඩු සහල් කිලෝවක් රු 230, කීරි සම්බා රු 260 වැනි උපරිම සිල්ලර මිලකට අලෙවි කල යුතු බවත්, ලාභ පරතරය ප්‍රමාණවත් නොවිමෙන් සහල් අලෙවියෙන් තමන්ට පාඩුවක් සිදු වන බවයි වෙලෙදුන් කියා සිටින්නේ.",Right,,Right,2
d1c344d8-dc50-534d-9b6e-1fb01f20666f,Lanka Deepa,https://www.lankadeepa.lk/latest_news/කළණය-වශවවදයලයන-බතල-මඩ-බකවක-මරදනට/1-682705,2025-11-05 00:00:00+00:00,කැළණිය විශ්වවිද්‍යාලයෙන් බෝතල් මූඩී බංකුවක් මරදානට,"කැළණිය විශ්වවිද්‍යාලයෙන් බෝතල් මූඩී බංකුවක් මරදානට

අක්‍රමවත් ලෙස බැහැර කළ ප්ලාස්ටික් බෝතල්වල මූඩි ඵලදායීව භාවිතා කරමින් කැලණිය විශ්වවිද්‍යාලයේ සිසු සිසුවියෝ මරදාන දුම්රිය ස්ථානයේ මගී ආසනයක් නිර්මාණය කළහ.

එම විශ්වවිද්‍යාලයේ ZeroPlastic සමාජයේ, Community engagement avenue විසින් සංවිධානය කරනු ලබන Bloom Morph ව්‍යාපෘතිය මඟින් Katana Upcycl‍ ආයතනයේ ද සහයෝගය ඇතුව, මරදාන දුම්රිය ස්ථානයේද පූර්ණ අධීක්ෂණය සහිතව , මරදාන දුම්රිය ස්ථානයේ හා දුම්රිය මාර්ගවල තිබූ ප්ලාස්ටික් බෝතල් මූඩි භාවිතයෙන් එම මගී ආසනය නිර්මාණය කර තිබේ.

පරිසර අපවිත්‍ර කරන මෙම ප්ලාස්ටික් අපද්‍රව්‍ය ක්‍රමානුකූලව භාවිතා කරමින් ඵලදායී නවෝත්පාදනයක් කිරීම මෙම ව්‍යාපෘතියේ ප්‍රධාන අරමුණ වූ අතර එම වේදිකා බංකුව මරදාන දුම්රිය ස්ථාන අධිකාරී කපිල පුෂ්පකුමාර මහතාගේ සුරතින් මරදාන දුම්රිය ස්ථානයේදී මගී ජනතාවගේ භාවිතය සදහා අද (5) විවෘත කළේය.

ශ්‍රී ලංකාව තුළ පවතින පොදු ප්‍රවාහන මාධ්‍ය අතරින් මගීහු විශාල ප්‍රමාණයක් දුම්රිය දෛනිකව භාවිතා කරනු ලබති. දුම්රිය භාවිතා කරන මගීන් අතුරෙන් බහුතරයක් දුම්රිය භාවිතය කරන විට තමන් භාවිතා කරන ප්ලාස්ටික් බෝතල් දුම්රිය මාර්ග ගවලට සහ දුම්රිය ස්ථාන වල අක්‍රමවත් ලෙස බැහැර කිරීම සුලභව දකිය හැකිය.

විශේෂයෙන් දුම්රිය මාර්ග දෙපස සහ ස්වභාව සෞන්දර්‍යයෙන් පිරි උඩරට දුම්රිය මාර්ගය වැනි සුන්දර පරිසර පද්ධතිවලට හානි ඇතිකරන සිදුවීමක් බවට වර්තමානයේ පත්ව තිබේ.",Center,Left,,2
d5944f8e-fae3-5fcb-a78d-a04ec9d5a4b0,Ada,https://www.ada.lk/breaking_news/දේවානන්දා-අද-අධිකරණයට/11-420479,2025-12-27 00:00:00+00:00,දේවානන්දා අද අධිකරණයට,"දේවානන්දා අද අධිකරණයට

හිටපු අමාත්‍ය ඩග්ලස් දේවානන්දා  මහතා අපරාධ පරීක්ෂණ දෙපාර්තමේන්තුවේ මිනිමැරුම් අංශය විසින් අත්අඩංගුවට  ගෙන තිබේ.

යුද හමුදාව විසින්  ඔහුගේ පෞද්ගලික පරිහරණය සඳහා ලබා දුන් ගිනිඅවියක් 2019 වසරේදී සංවිධානාත්මක  අපරාධකරුවෙකුගෙන් සිදුකළ ප්‍රශ්න කිරීමේදි  2019 වසරේදී වැලිවේරිය ප්‍ර දේශයේ බෝක්කුවක් අසළ කැලෑබද ප්‍ර දේශයක සඟවා තිබියදී සොයා ගැනීම සම්බන්ධයෙන් සිදුකළ විමර්ශනයකදී ඔහු අත්අඩංගුවට ගෙන තිබේ.

සැකකරු අද ගම්පහ මහේසත්‍රාත් අධිකරණයට ඉදිරිපත් කිරීමට නියමිත අතර අපරාධ පරික්ෂණ දෙපාර්තමේන්තුව වැඩිදුර පරික්ෂණ සිදු කරයි.",Left,Right,,2
d80c3621-3f3c-5ddb-bae9-063a73f83156,BBC Sinhala,https://www.bbc.com/sinhala/articles/cd14xnmdye9o,2024-03-15 00:00:00+00:00,මම ලියන හැටි': දර්ශනා ශම්මි විජේතිලක,"මම ලියන හැටි': දර්ශනා ශම්මි විජේතිලක

දර්ශනා ශම්මි විජේතිලක යනු වර්තමාන සිංහල සාහිත්‍ය හඳුනන පාඨකයාට කිසිසේත්ම හැඳින්වීමක් අවශ්‍ය නවකතාකාරියක නොවේ.

දෙවත, ගිරග සසල විය, නිසල දියවත, මන්දාරම් උයන, අසනග වැසි, විසඹසර වැනි ඇගේ නවකතා පාඨකයන් අතර සේම විචාරකයන් සහ සාහිත්‍ය විනිශ්චය මණ්ඩල තුළ ද නිරන්තර සම්භාවනාවට පාත්‍ර වී ඇත.

මා ඇය සමග කතාබහක යෙදෙන්නේ නවකතාකාරියක ලෙස ඇය ලේඛනයේ යෙදෙන විට ඇයට දැනෙන හැඟීම් සහ ලිවීම සමඟ බැඳුණු  ඇයටම අනන්‍ය වූ වතාවත් තේරුම් ගැනීමේ අරමුණින් ය.

මේ සාකච්ඡාව තුළ මා අසන ප්‍රශ්න මේ වන විට මා විසින් පළකර ඇති ‘නිම්නාගේ ඉතිහාසය’ (2019) සහ ‘මේ රහස් කවුලුවෙන් එබෙන්න’ (2014) නවකතා ලියන අතර මා මුහුණ දුන් අත්දැකීම් මතින් පැන නැගුණු ඒවා ය. හැම ලේඛකයෙක්ම ලිවීමේ ක්‍රියාවලියට මුහුණ දෙන්නේ තමන්ගේම වූ ආකාරයකට ය යන්න ප්‍රකට කරුණකි.

ලියන තැන, ලියන විදිහ, ලියන කාලයට හැසිරෙන හැටි සහ ලියන විට විඳින සතුට වැනි දේ අයත් වන්නේ ලේඛකයාගේ අතිපුද්ගලික අඩවියට ය. මේ සංවාද මාලාව උත්සාහ කරන්නේ නවකතාකරුවන්ගේ එම රහස් අඩවිය වෙත එබී බැලීමට ය.

පළමු සංවාදය-'මම ලියන හැටි':නෝබට් අයගමගේදෙවන සංවාදය : 'මම ලියන හැටි': සුරත් ද මැල්තුන්වන සංවාදය: 'මම ලියන හැටි': කත්‍යානා අමරසිංහ

කෞශල්‍ය : සුපුරුදු පරිදි මම ඔබගෙනුත් අහන්නේ නවකතාවක සමාරම්භක මොහොත ගැන. ඔබේ නවකතා වල පළමු වාක්‍යය ලියවෙන හැටි ගැන යමක් කියන්න පුළුවන් ද?

දර්ශනා: ඇත්තටම පළවෙනි වාක්‍යය ලියන එක තමයි අමාරුම දේ. පාඨකයාට මොකද්ද මේ කියල හිතන්න සිද්ධ වෙන තැනකින් තමයි මම නවකතාවක් පටන් ගන්න කැමති. ඉතින් ලියන්න යන කතාව මොන තරම් හිතේ ගොඩනැගිල තිබුණත් මෙහෙම තැනක් මතුවෙන තුරු ඉන්න සිද්ධ වෙනවා. දැන් මගෙ 'මන්දාරම් උයන' කියන නවකතාව පටන් ගන්නේ පින්තූරයක් පොළවේ ගහල ඒක උඩට මුත්‍රා කරන දර්ශනයකින්. එතකොට 'අසනග වැසි' පටන් ගන්නේ කිරිබත් වඩවන දර්ශනයකින්. 'ගිරග සසල විය' නවකතාවෙ ආරම්භයේ තියෙන්නෙ කාන්තාවක් දරු ප්‍රසූතියකදි වේදනාවෙන් කෑගහන හඬ. මේ හැම ආරම්භයකම මම අපේක්ෂා කළේ පාඨකයාට මොකද්ද මේ සිද්ධ වෙන්න යන්නේ කියන එක ගැන හිතන්න දෙයක් ලබා දෙන්න.

හතරවන සංවාදය : මංජුල වෙඩිවර්ධනපස්වන සංවාදය :ශමෙල් ජයකොඩිහයවන සංවාදය : ජයතිලක කම්මැල්ලවීර

කෞශල්‍ය: මේ පළවෙනි වාක්‍යය ලියන මොහොත වෙන විට ඔබ ලියන්න යන නවකතාව ගැන මොනතරම් දුරට දැනුවත් ද?

දර්ශනා: මම මුළු නවකතාවම ගොඩනඟා ගත්තට පස්සෙ තමයි පළවෙනි වාක්‍යය ලියන්නෙ. මේ වෙනකොට ගොඩනැගිල නැත්තෙ නවකතාවෙ අවසානය විතරයි. ආරම්භය වගේම සහ සමහරවිට ඊටත් වඩා අපහසු දෙයක් තමයි නවකතාවක අවසානය ලියන එක. මගෙ 'මන්දාරම් උයන' නවකතවේ අවසානය ලියන්න මට අවුරුද්දක් විතර ගත වුණා. ඉතින් පළමු වාක්‍යය ලියන මොහොත වෙන කොට අවසානය හැර අනෙක් දේවල් මුළුමනින්ම ගොඩනැගිල තියෙන්නේ. මොකද ලිවීමට වඩා මට කාලය ගත වෙන්නේ මෙන්න මේ ගොඩනැගීමට. සමහර වෙලාවට අවුරුදු කීපයක් ගත වෙනවා නවකතාවක් ලියන්න පටන් ගන්න කලින් ඒක හිතේ ගොඩනගා ගන්න. 'අසනග වැසි' වලට අවුරුදු දෙකහමාරක් විතර ගත වුණා ඒක හිතේ ගොඩනගා ගන්න ඒ වගේම ඒකට අදාළ  දේවල් හොයන්න.

හත්වන සංවාදය : සුමිත්‍රා රාහුබද්ධඅටවන සංවාදය : උපුල් ශාන්ත සන්නස්ගල නවවන සංවාදය : මනෝහරී ජයලත්

කෞශල්‍ය: දැන් ඔබ සැළකිය යුතු කාලයක් ගත කරනවා නවකතාව ලියන්න පෙර ඒක ගොඩනඟා ගන්න. දැන් මේ කාලය තුළ ඔබ යම් සටහන් තබා ගැනීමක් කරනවාද?

දර්ශනා: නැහැ, මම කිසිම දෙයක් සටහන් තියා ගන්නේ නැහැ. හැම දෙයක්ම තියෙන්නේ මගෙ හිතේ. කොටින්ම පොතේ ශ්ලෝකයක් තියනවා නං ඒකත් තියනවා ඔලුවේ. කරුණු හොයන කාලෙම ඒකත් හිතේ තියාගන්නවා. ලියන කොට නැවත පොතක් බලල ලියන්නෙ නැහැ. කතාව ගලාගෙන යන අනුපිළිවෙල, චරිත වල ඇඳුම් පැළඳුම්, ආහාර රටාවන්, අංග චලන මේ හැමදෙයක්ම හිතේ මැවිල තියෙන්නේ. අනික මම ලියන්න පටන් ගත්තම එක දිගට ලියාගෙන යනවා. කප කප වෙනස් කර කර එහෙම නෙමෙයි මම ලියන්නේ. මේ දේවල් අයින් කරන්න ඕන, ආයෙ නැවත නැවත ලියන්න ඕන, මේ චරිතය මෙතනින් අයින් කරල අතෙන්ට දාන්න ඕන වගේ දේවල් නැහැ.  එහෙම ලියන්න පුළුවන් වෙනතුරු මම මහන්සි වෙනවා ඒක හිතේ ගොනු කර ගන්න. ඒක මගෙ අඩුපාඩුවක්ද දන්නෙත් නැහැ. හැබැයි එහෙම තමයි ලියවෙන්නෙ. එහෙම නොකලොත් මගෙ අතින් ඒ කතාව හරියට ලියවෙන්නෙ නැහැ. ඉතින් මම අවුරුදු කීපයක් නවකතාව හිතේ ගොනු කර ගන්න ගත කරල හරිම වේගෙන් ලියනවා. මාස එකහමාරක් දෙකක් හෝ තුනක් ඇතුළත නවකතාව ලියල අවසන් කරනවා. මට චරිත වල නම් පැටලෙන නිසා පොතේ අන්තිම පිටුවේ නම් ලියල තියා ගන්නව ලියන අතරෙම.

දසවන සංවාදය: සුමුදු නිරාගී සෙනෙවිරත්නඑකළොස්වන සංවාදය : මොහාන් රාජ් මඩවලදොළොස්වන සංවාදය : සුනේත්‍රා රාජකරුණානායකදහතුන්වන සංවාදය : කීර්ති වැලිසරගේදාහතරවන සංවාදය : ශාන්ති දිසානායක පහළොස්වන සංවාදය : චන්ද්‍රරත්න බණ්ඩාර

කෞශල්‍ය: දැන් මේ හිතේ ගොනු වුණු  කතාව ඒ විදිහටම ලියවෙනව ද? එහෙම නැත්නම් ඔබ නොහිතපු විදිහට සමහර එතරම් නොවැදගත් චරිත මේ ලියන ක්‍රියාවලිය ඇතුළේ  ප්‍රබල චරිත බවට පත්වෙන අවස්ථා වගේ දෙවල් සිද්ධ වෙනවද?

දර්ශනා: ඔව් එහෙම දේවල් සිද්ධ වෙනවා. දැන් 'අසනග වැසි' නවකතාවේ 'පොකුටා' කියන චරිතය ගත්තොත් ඒක මම හිතේ ගොනු කරන් හිටියට වඩා වෙනස් විදිහට මුලු කතාව පුරාම පැතිරුණු  චරිතයක් බවට පත් වුණා. මන්දාරම් උයන නවකතාවේ උපුල්ගෙ අම්මගෙ චරිතයත් එහෙම එකක්. ඇත්තටම මේ වගේ දේවල් සිද්ධ වෙනවා ලියන ක්‍රියාවලිය ඇතුළේ. ඒ ඇරුනම සාමාන්‍යයෙන් හිතේ ගොඩනැඟුණු විදිහට තමයි නවකතාව ලියවෙන්නේ.

දහසය වන සංවාදය :  කාංචනා අමිලානිදා හත්වන සංවාදය : ලියනගේ අමරකීර්ති දහ අට වන සංවාදය : සේපාලි මායාදුන්නේදහ නව වන සංවාදය :අනුරසිරි හෙට්ටිගේ

දර්ශනා: දවසෙ පැය විසි හතරෙ ඕනම වෙලාවක ලියන එක සිද්ධ වෙන්න පුළුවන් ආවේශයත් එක්ක. මම ලියන්න වැඩිපුර කැමති නිස්කලංක පරිසරයක, එළියෙ ගහක් යට, මල් වැලක් යට වගේ. මට මගෙ ගෙදර ඒ පහසුකම තියනවා. ලියන වෙලාවට පොඩි කෑමක් ළඟ තියා ගන්නවා, ඔය පළතුරු ටිකක් කජු ටිකක් වගේ. බත් වගේ දේවල් කනව අඩුයි ඒ වෙලාවට. සමහර දාට දෙහි වීදුරු දහයක් විතර බොනවා. සමහර වෙලාවට ලියන්න ගත්තම නිදාගන්න ගත කරන පැය හතරක් පහක් ඇරුනම අනිත් කාලය ලියන්න ගත වෙන දවස් තියනවා. සමහර දාට ලියන්නෙ පැයක් විතර වෙන්නත් පුලුවන්. ඒකෙ එහෙම පිළිවෙලක් නැහැ. මම සාමාන්‍යයෙන් පැයක් හෝ පැය භාගයක් එක දිගට වේගෙන් ලියාගෙන ගිහින් විනාඩි දහයක් විතර නවත්තල පොඩ්ඩක් ඇවිදිනවා. සමහර වෙලාවට ලියන්න තියන ඩයලොග්ස් එහෙම තනියෙන් කියවනවා මේ අතරෙ. මම ලියන කාලෙට වෙන පොත් කියවන්නේ නැහැ. සංගීතයට සවන් දෙනවා. ඒ අරුනම මගෙ ජීවිතේ අනිත් දේවල් අතහැරල ලියනව කියල එකක් නැහැ. පාටි එකකට යන්න තිබුණත් ෂොපින් යන්න තිබුණත් ඒ දේවල් කරනවා. ලියන වෙලාවට විතරයි නවකතාව ඇතුළේ ඉන්නේ. හැබැයි ඉතින් මට වේගෙන් ලියන්න පුළුවන්. සමහර වෙලාවට අකුරු වල කෑලි තියෙන්නේ.

කෞශල්‍ය; ඔබ මුලින් කිව්වා ලිවීම පටන් ගනිද්දි ඔබ නොදන්නා එකම දේ නවකතාවෙ අවසානය කියල. මේ අවසානය කොහොමද ඔබ හොයා ගන්නෙ?

දර්ශනා: පාඨකයාට මගෙන් ප්‍රශ්න කරන්න දෙයක්, හිතන්න දෙයක්, අපි හිතපු විදිහ හරිද වගේ නැවත සිතා බැලීමක් කරා යන්න පුලුවන් තැනකින් තමයි මම නවකතාවක් අවසන් කරන්න කැමති. සමහර වෙලාවට මට මේ අවසානය හොයා ගන්න ටික කාලයක් ගත කරන්න වෙනවා. සමහර නවකතා වල ඉතාම පහසුවෙන් මේක ලියවෙනවා. නමුත් මගෙ මන්දාරම් උයන වගේ නවකතාවක මට අවුරුද්දක් විතර ගත වුණා මේ අවසානය ලියන්න.

විසිවන සංවාදය : කැත්ලීන් ජයවර්ධනවිසිඑක් සංවාදය : මංජුල සේනාරත්නවිසි දෙවන සංවාදය :රූපා ශ්‍රියානි ඒකනායක

කෞශල්‍ය: ඔබ නවකතාවක් ලියල අවසන් වුණාට පස්සෙ හෝ ලියන අතර තුර සංස්කරණය කිරීමක් සිද්ධ කරනව ද?

දර්ශනා: නැහැ. සංස්කරණයක් සිද්ධ වෙන්නෙ නැහැ. මම කලින් කිව්ව වගේ ලියන දේවල් මම කප කප හිත හිත නෙමෙයි ලියන්නෙ. ඒව එකවර ලියවෙනවා. මට නැවත ඒව හදන්න ඕනෙ වෙන්නෙ නැහැ. දැන් මම අත්පිටපත ම තමයි දෙන්නෙ ටයිප් සෙට් කරන්න. ඒකෙ ඔය අකුරක් එහෙම වැරදිලා කපපු තැනක් ඇරුනම වෙන කිසිම ආකාරයකට කප කපා ලියපු තැන් නැහැ.

විසි තුන්වන සංවාදය : කේ කේ සමන් කුමාරවිසි හතර වන  සංවාදය : චන්දි කොඩිකාරවිසි පස්වන සංවාදය : සමන් වික්‍රමාරච්චි

දර්ශනා : මම ලියන දේවල් මම නැවත කියවමින් මම ඒව විඳිනවා. මගෙ අතින් යම් කොටසක් ඉතාම හොඳට ලිය වුණා කියල මට දැනුනොත් මම ඒ කොටස් නැවත නැවත කියවමින් රසවිඳිනවා. දැන් උදාහරණයක් හැටියට මගෙ අලුත්ම නවකතාව 'විසඹසර' , ඒකෙ ප්‍රධාන චරිතය 'සසඳරා' එයාගෙ ජීවිතේ ඟඟත් එක්ක සම්බන්ධයි. ගේ තියෙන්නේ හුදෙකළා ගම්මානයක ඟඟක් අයිනේ. එයා ලොකු ළමයෙක් වෙන්නෙත් ඟඟේ, එයාගෙ සැමියා එක්ක පළමු වතාවට ලිංගිකව එක්වෙන්නෙත් ඟඟේ, දරුවා බිහි කරන්නෙත් ඟඟේ. මගෙ හැම පොතකම සෙක්ස් කියන දේ තියනවා. නමුත් අමුවෙන් නෙමෙයි. සුන්දර විදිහට තමයි තියෙන්නේ. දැන් මේ නවකතාවේ මේ දෙන්න එකතු වෙන තැන ලිව්වම මට විශාල සන්තෝෂයක් දැණුනා. සසඳරා ගේ සැමියා, ඔවුන් විවාහ වෙන්න කලින්, ගලක් උඩ වාඩිවෙලා ඉන්නවා. මේක දැකල එයත් එතෙන්ට පීනගෙන යනවා, ඟඟේ ස්වාභාවය, හුළඟ හමන හැටි මේ දේවල් එක්ක. ඇයම තමයි ඉස්සර වෙන්නෙත් මෙතෙන්දි. සාමාන්‍යයෙන් ඉතින් ගැමි පරිසරයක් ඇතුළේ ගෑනු කෙනෙක් ඉස්සර වෙන්නේ නැහැනෙ සෙක්ස් වලදි. ඉතින් මේ වගේ යම් දර්ශනයක් ඉතාම හොඳින් ලියවුණා කියල දැනුණම මට විශාල සතුටක් දැනෙනවා. නැවත ඒවා කියවමින් මම ඒක විඳිනවා.

දර්ශනා ශම්මි විජේතිලක නවකතාකාරිය ගේ ලිවීමේ භාවිතයන් තුළ ඇති සුවිශේෂත්වය හා ඈ ලිවීම ආත්මීය කර ගන්නා ආකාරය අපට ඇගේ නවකතා කියවීමේ දී ඒවා වින්දනය කිරීමට අලුත් ආලෝකයක් සපයනු ඇත.

එසේම ලිවීමට උනන්දුවන්නන්ට තමන් දෙස නැවත හැරී බැලීමට එය ඉවහල් වනු ඇත.

ලබන සතියේ අප මුණගැසෙන්නේ  තවත් සුවිශාල පාඨක ආකර්ෂණයක් දිනා ගත් නවකතාකරුවෙක් වන මහින්ද ප්‍රසාද් මස්ඉඹුල යි.
",Center,,Center,2
d9580112-131c-5259-94ee-dc6dcc51946c,BBC Sinhala,https://www.bbc.com/sinhala/articles/crl8n4e7g05o,2024-09-18 00:00:00+00:00,රනිල් වික්‍රමසිංහ:'ත්‍රී සිංහලේ හිඟාකන මිනිස්සු ද? ඒවා නැති කරන්න ඕනා',"රනිල් වික්‍රමසිංහ:'ත්‍රී සිංහලේ හිඟාකන මිනිස්සු ද? ඒවා නැති කරන්න ඕනා'

ජාත්‍යන්තර මූල්‍ය අරමුදල (IMF) සමග ඇති එකඟතා ඉදිරියට ගෙන යමින් ආර්ථිකය ශක්තිමත් කිරීමේ හැකියාව සජිත් ප්‍රේමදාසට හෝ අනුර කුමාර දිසානායකට නැතැයි ස්වාධීන අපේක්ෂක, ජනාධිපති රනිල් වික්‍රමසිංහ පවසයි.

''අනුර දිසානායකයි, සජිතුයි මොකද කියන්නේ? මේවා අලුතින් සාකච්ඡා කරනවාලු. අපි අලුතෙන් කරන්න යනවා ද? අපිට එන ආධාර නවතිනවා. අපේ බංකොලොත් බව අහෝසි කරන එක නවත්වනවා'' යනුවෙන් රනිල් වික්‍රමසිංහ ප්‍රකාශ කළේය.

රනිල් වික්‍රමසිංහ සහභාගී වූ අවසන් රැළිය සැප්තැම්බර් 18 කොළඹ, ග්‍රෑන්ඩ්පාස් පොලිස් වසමේ කොස්ගස්හන්දිය ප්‍රදේශයේ දී (මැද කොළඹ) පැවැත්විණි.",,Left,Right,2
de420550-8487-5d47-a691-f9c4250ff2ed,Ada,https://www.ada.lk/breaking_news/මේ-වසරේදී-විපක්ෂ-මන්ත්‍රීන්ට-මුදල්-නෑ/11-408654,2024-03-17 00:00:00+00:00,මේ වසරේදී විපක්ෂ මන්ත්‍රීන්ට මුදල් නෑ,"මේ වසරේදී විපක්ෂ මන්ත්‍රීන්ට මුදල් නෑ

වෙන අවුරුදුවලදී ආණ්ඩුව විපක්ෂය කියලා බලන්නේ නැතුව පක්ෂ විපක්ෂයේ මන්ත්‍රීවරුන්ට මුදල් දෙනව නමුත් මේ වසරේ තමයි එකම අවුරුද්ද විපක්ෂයේ මන්ත්‍රීවරුන්ට මුදල් නොලැබුණු එකම වර්ෂය බව හිටපු ජනාධිපති පාර්ලිමේන්තු මන්ත්‍රී මෛත්‍රීපාල සිරිසේන මහතා පොළොන්නරුවේදී පැවසිය.

හිටපු ජනාධිපති මෛත්‍රිපාල සිරිසේන මහතාගේ ප්‍රධානත්වයෙන් සහ චීන ශ්‍රී ලංකා තානාපතිගේ ප්‍රධානත්වයෙන්පෙ පොළොන්නරුව ඕනෑගම සිංහරාජ ගම ප්‍රාථමික විද්‍යාලයේ අඩු ආදායම් ලාභී පවුල්වල පාසල් දරු දැරියන් දෙසිය පනස් දෙනෙකු සඳහා  පාවහන් ලබා ගැනීමට අවශ්‍ය වව්චර පත් බෙදා දීමේ අවස්ථාවට එක්වෙමින් හිටපු ජනාධිපතිවරයා ඒ බව පැවසීය.

මෛත්‍රිපාල සිරිසේන ලක්දරු දිරිය පදනම මගින් මෙය සංවිධානය කර තිබූ අතර මෙහිදී තවදුරටත් අදහස් දැක්වූ ජනාධිපතිවරයා මෙසේද කීය

""මම ඇමතිකම් කරන කාලේ පොළොන්නරුවට රැකියාවල් ගොඩක් දීලා තිබෙනවා.මට බලේ තියෙන කාලේ මට කරන්න පුළුවන් උදව් උපකාර මම ජනතාවට කළා.නමුත් මම දැන් මට පුළුවන් විදිහට උදව් කරනවා මම ආණ්ඩු පක්ෂයේ මන්ත්‍රීවරයෙක් නෙමෙයි දැන් විපක්ෂයේ මන්ත්‍රීවරයෙක් රජයෙන් මට සතයක්වත් සල්ලි හම්බෙන්නෙ සංවර්ධන වැඩ වලට දැන් මේ අවුරුද්දේ සල්ලි ගොඩක් පොළොන්නරුවට ඇවිල්ල තියෙනවා.

නමුත් ආණ්ඩු පක්ෂයේ ඉන්න දෙන්න තමයි දැන් ඒවා වියදම් කරන්නේ මටවත් ඒ විපක්ෂය කාටවත් නෑ තුන්දෙනෙක් ඉන්නවා පොළොන්නරුවේ දැන් විපක්ෂයේ තුන්දෙනාටම එහෙම මුදල් හම්බවෙන්නේ නෑ රජයේ උදව් ආධාර පාර්ලිමේන්තුවේ විපක්ෂ මන්ත්‍රීවරුන්ට ලැබෙන්නේ නැහැ.

පාර්ලිමේන්තුවේ විපක්ෂයේ මන්ත්‍රීවරුන්ට  මුදල් නොලැබුණු එකම අවුරුද්ද මේ අවුරුද්ද මේ කාලය නමුත් අනෙක් කාලවලදී ආණ්ඩු පක්ෂ විපක්ෂය කියලා බලන්නෙ නැතුව ආණ්ඩුව සල්ලි දුන්නා. නමුත් රජයේ ප්‍රතිපත්තියක මම ඒ ගැන වැඩිය කතා කරන්න බලාපොරොත්තු වෙන්නේ නැහැ""",Right,Right,Center,3
e40dc8f7-a10d-51b4-bc94-788f0a8b6dec,Ada Derana Sinhala,http://sinhala.adaderana.lk/news/196627,2024-05-14 00:00:00+00:00,වසර ගණනකට පසුව හෙළිවූ තිදරු මවගේ අභිරහස,"වසර ගණනකට පසුව හෙළිවූ තිදරු මවගේ අභිරහස

ගාල්ල තවලම ප්‍රදේශයේදී සිදුවූ කාන්තා ඝාතනයක අබිරහසක් සිව්වසරක් මුළුල්ලේ සිදුකළ විමර්ශනයකින් පසුව අනාවරණය කරගැනිමට ""ගාල්ල දිසා අපරාධ කොට්ඨාසය"" සමත්වුණි.

එහිදී අනාවරණ වී තිබුණේ අදාළ කාන්තාවගේ අනියම් සැමියා විසින් ඇය ඝාතනය කර සිරුර වැසිකිළි වළකට දමා තිබූ බවය.

ඒ අනුව මීට වසර හතරකට පෙර ඝාතනය කෙරුණු විසිනව හැවිරිදි තිදරු මවකගේ මෘතදේහය ගාල්ල තවලම හල්ලකන්ද ප්‍රදේශයේ කැලෑබද ඉඩමක වැසිකිලි වලක සඟවා තිබියදී ගොඩගෙන තිබුණි.

නිලූෂිකා සඳමාලි නම්වූ ඇය 2020 වසරේ ජූනි මස 6 වනදා සිට අතුරුදන්ව තිබූ අතර ඇයගේ මව විසින් ඒ සම්බන්ධයෙන් එවක පොලිසියට පැමිණිල්ලක්ද ගොනුකර තිබුණි.

සිය පළමු විවාහයෙන් වෙන්වූ නිලූෂිකා සිය දරුවන් දෙදෙනාද සමඟ ""බතල ශාන්ත"" නමැත්තෙකු සමඟ දිවිගෙවමින් සිට ඇති අතර, ඔහුට දාව එක් පුතෙකුද ඇයට සිට තිබුණි.

මෙම තිදරු මවගේ අතුරුදන්වීම සම්බන්ධයෙන් පොලිසිය එවකට විමර්ශන සිදුකළද කිසිදු තොරතුරක් අනාවරණ කර ගැනීමට නොහැකිවිය.

සිද්ධිය සම්බන්ධ විමර්ශන ගාල්ල කොට්ඨාස අපරාධ අංශය වෙත යොමුකෙරෙන්නේ එවන් පසුබිමකය.

ඒ අනුව වසර හතරක් මුළුල්ලේ විමර්ශන සිදුකළ පොලීසිය අතුරුදන් කාන්තාවගේ අනියම් සැමියා වන ""බතල ශාන්ත"" හෙවත් හේනගොඩගේ ශාන්ත නැමැති 44 හැවිරිදි පුද්ගලයා අත්අඩංගුවට ගනු ලැබීය.

එහිදී අනාවරණ වී ඇත්තේ, ඔහු විසින් ඇයට පහරදී ඝාතනය කර, සිරුර නිවස අසල වැසිකිලි වළක සැඟවූ බවටය.

පවුල් ආරවුලක් හේතුවෙන් සිය බිරිඳට පහරදුන් ""බතල ශාන්ත"" නමැත්තා ප්‍රදේශයේ නිවසක පැවති සාදයකට සහභාගී වී සිට ඇති අතර, එහිදී දරුවන් පැමිණ මව අසාධ්‍ය තත්ත්වයේ පසුවන බවට ඔහු දැනුම්දී ඇති බව අනාවරණ වී තිබේ.

ඒ වනවිට බීමතින් සිටි බතල ශාන්ත නිවසට පැමිණ යළි බිරිඳට පහරදී ඇති අතර, පසුදින උදෑසන ඇයගේ සිරුර සීතල වී තිබීම හේතුවෙන් එය ඇඳ ඇතිරිල්ලක ඔතා වැසිකිලි වළකට දමා ඇතැයි පොලීසිය පවසයි.

පසුව ඔහු සැක නොසිතෙන අයුරින් බිරිඳගේ නිවසට ද ගොස් ඇය පිළිබඳව විමසා ඇති බව පොලීසිය පවසයි.

ගොඩගැනුණු මෘතදේහය නිලූශිකාගේ බවට දරුවන් හා ඥාතීන් විසින් හඳුනාගෙන තිබේ.",Center,,Center,2
ea99bc9d-27f4-5a31-8c88-f0e68654abbc,Ada Derana Sinhala,http://sinhala.adaderana.lk/news/199876,2024-08-13 00:00:00+00:00,ඉන්දු - ශ්‍රී ලංකා මගී යාත්‍රා සේවය සිකුරාදා සිට,"ඉන්දු - ශ්‍රී ලංකා මගී යාත්‍රා සේවය සිකුරාදා සිට

ශ්‍රී ලංකාව සහ ඉන්දියාව අතර මගී යාත්‍රා සේවය ලබන සිකුරාදා (16) දිනයේ සිට යළි ක්‍රියාත්මක කිරීමට නියමිතව තිබේ.

ඉන්දියාවේ නාගපට්නම් සිට ශ්‍රී ලංකාවේ කන්කසන්තුරෛ දක්වා මෙම මගී යාත්‍රා සේවය ක්‍රියාත්මක කිරීමට නියමිතය.

පුද්ගලික සමාගමක් විසින් මෙම මගී යාත්‍රා සේවය ක්‍රියාත්මක කිරීමට සැලසුම් කර ඇති අතර මාර්ගගත ක්‍රමය ඔස්සේ ආසන වෙන් කිරීමේ අවස්ථාව ද ලබාදී තිබේ.

ඊයේ (12) දිනයේ සිට මගී යාත්‍රා සේවය සඳහා ප්‍රවේශ පත්‍ර වෙන්කර ගත හැකි බව අදාළ සමාගම දැනුම් දී ඇත.

ශ්‍රී ලංකාව සහ ඉන්දියාව අතර මෙම මගී යාත්‍රා සේවය මීට පෙර මැයි මස 13 වන දින ක්‍රියාත්මක කිරීමට සැලසුම් කර තිබුණ ද විවිධ හේතු නිසා එය කල්දමනු ලැබීය.",Center,Left,,2
f14ab8c0-0865-5a63-8ae8-0841e5eee471,Lanka Deepa,https://www.lankadeepa.lk/news/පලල-පනසල-පළසකර-කරමට-පරමඛතව-දනන/101-684575,2025-12-03 00:00:00+00:00,පල්ලි පන්සල් පිළිසකර කිරීමට ප්‍රමුඛතාව දෙන්න,"පල්ලි පන්සල් පිළිසකර කිරීමට ප්‍රමුඛතාව දෙන්න

ගංවතුරෙන් සහ නායයාමෙන් විපතට පත් ජනතාවට උපරිම සහන සලසන ගමන්   විනාශයට පත් වූ විහාරස්ථාන, පල්ලි කෝවිල්, ඇතුළු සියලු පූජ්‍යස්ථාන පිළිසකර කිරීමට නිසි ප්‍රමුඛතාව ලබාදෙන මෙන් ශ්‍රී ලංකා පොදු ජන පෙරමුණේ ජාතික සංවිධායක මන්ත්‍රී නාමල් රාජපක්ෂ රජයෙන් ඉල්ලා සිටී.

තමන්ට  ලැබී ඇති තොරතුරු අනුව මධ්‍යම, ඌව, වයඹ ,සබරගමුව, සහ බස්නාහිර , දකුණ සහ උතුරු නැගෙනහිර ප්‍රදේශවල විහාරස්ථාන කතෝලික පල්ලි, හින්දු කෝවිල්, මුස්ලිම් පල්ලි ඇතුළු ආගමික ස්ථාන සිය ගණනකට ගංවතුරින් හානි සිදුවී තිබෙන බවද  මන්ත්‍රීවරයා පැවසීය.

මේ පිළිබඳව රජයේ විධිමත් සමීක්ෂණයක් සිදුකර කඩිනම් පියවර ගත යුතු බව ඔහු කීය",Far Right,Left,Left,3
f1626eb9-d2bf-52d0-8a45-6fcbc558d0bb,BBC Sinhala,https://www.bbc.com/sinhala/articles/c047zy5v4zqo,2024-12-15 00:00:00+00:00,අපි ස්ට්‍රෙස් එක අඩු කරගන්න ඕන නිසයි කඳු නගින්න පුරුදු වුණේ',"අපි ස්ට්‍රෙස් එක අඩු කරගන්න ඕන නිසයි කඳු නගින්න පුරුදු වුණේ'

'අපි දෙන්නම වැඩ කරන්නේ කෝපරේට් වර්ල්ඩ් එකේ. වැඩ කරද්දී එන ස්ට්‍රෙස් එකත් එක්ක අපි තීරණය කළා අඩුම තරමින් මාසයකට එක පාරක් හරි කන්දක් නගින්න ඕන කියලා. එතැනින් තමයි මේ ගමන පටන් ගත්තේ.' බීබීසී සිංහල සේවය සමග අදහස් දක්වමින් ඩුබායි හි දැනට සේවය කරන ස්වරංග ජයසංක පැවසුවේය.

මීට දින කිහිපයකට පෙර ලෝකයේ උසම කන්ද වන එවරස්ට් හි 'බේස් කෑම්ප්' දක්වා ගොස් නැවත පැමිණි ස්වරංග කියා සිටියේ තමන්ට මෙන්ම එම ගමනට සහභාගී වූ බිරිඳට ද එය දුෂ්කර වුවත් ඉතා හොද අත්දැකීමක් ගෙන දුන් බවයි.

ඉතිහාසයේ පළමු වතාවට ලෝකයේ උසම කඳු මුදුන වන එවරස්ට් වෙත ළඟා වු ශ්‍රී ලාංකිකයා වුයේ ජයන්ති කුරුඋතුම්පාල ය. එමෙන්ම යොහාන් පීරිස් ද එම ගමනට එක්විය.

ගාල්ල ප්‍රදේශයේ උපත ලබා ඇති ස්වරංග ජයසංක දැනට ඩුබායි හි ජීවත් වන අතර, ඔහු සිය බිරිඳ සමග එහි දිවි ගෙවයි. ඔහු බීබීසී සිංහල වෙත පැවසුවේ තමන් සහ බිරිඳ කඳු නැගීම ආරම්භ කලේ විශ්ව විද්‍යාලයේ ඉගෙනුම ලබන අවදියේ සිට බවයි.

'මම කොළඹ විශ්ව විද්‍යාලයේ විද්‍යා පිඨයේ අධ්‍යාපනය හැදෑරුවේ. එහිදී තමයි මගේ දැන් බිරිඳ වෙන දිමුතු නිශානි සිල්වා හමුවුනේ. 2013 වසරේ කැම්පස් යන පළමු අවුරුද්දේ දී තමයි අපි හන්තාන, ආදර කන්ද වගේ ඒවායින් මේ කඳු නගින එක පටන් ගත්තේ.''

''අපි විවාහ වුනාට පස්සේ හිතා ගත්තා අඩුම තරමින් මාසෙකට එක පාරක් හරි කඳු නගින්න යනවා කියලා. ලංකාවේ මේ වෙද්දී ලකේගල, සප්ත කන්‍යා, ෆීනික්ස් -2, වාලිඹේ හෙළ කන්ද ඇතුළුව සාමාන්‍යයෙන් ගොඩක් අය තරණය කරලා තියෙන කඳු අපි දෙන්නා තරණය කරලා තියෙනවා මේ වෙද්දී.''

''අපි දෙන්නම කෝපරේට් වර්ල්ඩ් එකේ වැඩ කරන්නේ. ඉතින් හරියට ස්ට්‍රෙස් ලයිෆ් එකක් අපි දෙන්නට තියෙන්නේ. මේ නිසයි අපි වැඩියෙන්ම උත්සාහ කරන්නේ කඳු නගින්න.. ඒකෙන් අපේ ස්ට්‍රෙස් එක රිලීස් වෙනවා.' ඔහු පැවසීය.

""කාන්තාවටත් ඕනෑම දෙයක් කරන්න පුළුවන් බව සනාථ කළා"" - එවරස්ට් දිනූ ජයන්ති

කඳු තරණය කිරීම් සඳහා සිය බිරිඳ සමග පමණක් නොව කණ්ඩායම් වශයෙන් මිතුරන් සමග ද ගිය බව ජයසංක පවසයි.

'සමහර ගමන් අපි තනියම ගිහින් තියෙනවා. ඒ වගේමයි අපි යාලුවෝ කට්ටිය එකතුවෙලා ප්ලෑන් කරලත් යනවා. මුලින්ම කෝච්චියේ බස් එකේ එහෙමත් නැත්නම් බයික් එකේ තමයි කඳු නගින්න ගියේ අපි.' ඔහු සිය මතකය අවදි කළේය.

'සමහර ගමන් වලදී රෑ වෙලා කැලෑවේ අතරමං වෙච්ච අවස්ථා ගොඩක් තියෙනවා. කැලෑවල ගොඩක් ඇවිදලා තියෙන නිසා පාරවල් හොයාගෙන හෙමිට එලියට එන්න ලැබුණ අත්දැකීම් එහෙම තියෙනවා. ඒ වගේම නුවරගල කන්ද නගින්න යද්දී අලි එහෙම හම්බ වුණා. හැබැයි කිසිම කරදරයක් වුනේ නැහැ. අපි එහෙ යද්දී ගියේ වැද්දෙක් එක්ක. සත්තු එහෙම ඉන්න කැලයක් නම් අපි ගයිඩ් කෙනෙක් ගේ උදව් අනිවාර්යෙන්ම ගන්නවා. මොකද රිස්ක් එකක් ගන්න බැරි නිසා.' ජයසංක කඳු නැගීමේදී තමන් මුහුණ දුන් අත්දැකීම් ගැන සිහිපත් කළේය.

'බේස් කෑම්ප්' ගමනට පළමු අදහස පැමිණියේ මීට වසර කිහිපයකට පෙර ශ්‍රී ලංකාවේ කන්දක් තරණය කරමින් සිටිය දී පලවූ යෝජනාවකින් බව ද ස්වරංග ජයසංක පැවසුවේය.

'දවසක් ලංකාවේ කන්දක් තරණය කරන්න ගිය වෙලාවේදී එතන හිටිය කෙනෙක් මේ බේස් කෑම්ප් ගමන ගැන කිව්වා. එතැනදී තමයි අපිට මුලින්ම අදහසක් ආවේ කවදා හරි මේ ගමන යන්න ඕන කියලා. ඒකට ටිකක් ලොකු වියදමක් එහෙම යනවා කියලත් ඒ කෙනා අපිට කිව්වා. අපි ඊට පස්සේ මේ ගැන හෙව්වා. කවුද මේ ගමන් සංවිධානය කරන්නේ සහ කොච්චර මුදලක් වියදම් වෙනවද කියන එක ගැන වගේම ගමන ගැනත් තොරතුරු හෙව්වා. එතැනදී තේරුන දේ තමයි මේක පහසු ගමනක් නෙමෙයි කියන එක.''

''ඔය අතර වාරයේදී තමයි දසුන් තාරක කියන කෙනා පොස්ට් එකක් දාලා තිබ්බා බේස් කෑම්ප් යන්න ටුවර් එකක් ඔර්ගනයිස් කරනවා කියලා. මේකට ලංකාවෙන් 12 දෙනෙක් සහභාගී වුනා. මේකේ විශේෂම  දේ තමයි සාමාන්‍යයෙන් ඔය වගේ ගමනක් යන්නේ නේපාල ජාතික මග පෙන්වන්නෙක් එක්ක. නමුත් අපි මේ ගමන ගියේ ලංකාවේ මගපෙන්වන්නන් දෙන්නෙක් එක්ක.' ඔහු පැවසීය.

'බේස් කෑම්ප්' දක්වා යන ගමන සඳහා මාස දෙකක කාලයක් තුළ සුදානම් වූ බවත් පවතින සීතල කාලගුණය සඳහා මුහුණ දීමට අවශ්‍ය වටපිටාව මෙන්ම ඊට ශාරීරික යෝග්‍යතාවය රැක ගැනීම සඳහා වෙනම ව්‍යායාම් සිදුකිරීමට පවා උපදෙස් දුන් බව ඔහු පැවසුවේය.

'අපිට මේ ගමන සඳහා සුදානම් වෙන්න මාස දෙකක් වගේ කාලයක් ගියා. අනිත් එක අපි මේ ගමන ගියේ සාමාන්‍යයෙන් එවරස්ට් කන්ද තරණය කරන සීසන් එකේ නෙමෙයි. ඒ නිසා පරිසරයේ උෂ්ණත්වය සෘණ 26 දක්වා පල්ලෙහාට වැටෙනවා කියන එක කියලා තිබ්බ නිසා ඒකට මුහුණ දෙන්න අවශ්‍ය ඇඳුම් වගේ දේවල් සුදානම් කර ගන්න කියලා අපිට උපදෙස් දුන්නා.''

''ඒ එක්කම ජිම් එකට ගිහින් කරන්න ඕන එක්සයිස් පවා අපිට ගයිඩ් දැනුවත් කළා. ඒ වගේම මාස්ක් එකක් දාගෙන ඇවිදින්න කියලා කිව්වා. එහෙම ටික කාලයක් කරාට පස්සේ මාස්ක් දෙකක් දාගෙන ඇවිදින්න කියලා උපදෙස් දුන්නා. මේ ඔක්කොම අපේ ගමනේදී එක්තරා තැනකදී වැදගත් වුණා ඒ ඇතිවුන දේශගුණ තත්ත්වය එක්ක.''

''අපිට අවශ්‍ය බෑග්, ගමනට අවශ්‍ය ඇඳුම් සහ සපත්තු ඇතුළු දේවල් සුදානම් කර ගන්න ලක්ෂ 03කට වගේ ආසන්න මුදලක් වැය වුනා. සම්පුර්ණයෙන්ම ගමනට එක්කෙනෙකුට රුපියල් ලක්ෂ 09ක් වගේ මුදලක් වියදම් වුණා.' ඔහු පැවසුවේය.

'බේස් කෑම්ප්' දක්වා පාගමන ආරම්භ කරන සංචාරකයින් බොහෝ දෙනා කත්මණ්ඩු සිට ලුක්ලා දක්වා ගුවනින් ගොස් එය සිය ගමන ආරම්භ කෙරුවද, ස්වරංග ජයසංක පැවසුවේ තමන් ඇතුළු පිරිස සාම්ප්‍රදායික මාර්ගයේ ගමන් කොට මෙම සංචාරය ආරම්භ කළ බවයි.

""හැමෝම යන ක්‍රමය තමයි අලුත් පාර. ඒ කියන්නේ කත්මණ්ඩු වලට ගිහින් එතන ඉදලා ලුක්ලා වෙනකම් ප්ලේන් එකෙන් ගිහින් තමයි බේස් කෑම්ප් එකට යන්නේ. නමුත් අපි කත්මණ්ඩු ඉදලා දවස් දෙකක් සෆාරි ජීප් එකකින් ගියා ලුක්ලා වෙනකම්. මේ පාර හරිම අවදානම් පාරක්. ඉතාම පටු වගේම ප්‍රපාත වලින් පිරුණු භයානක පාරක්.''

''කිලෝමීටර් 260 කට වැඩි දුරක් ගෙවලා අපි ආවා නේපාලයේ, පයියා කියන ගමට ආවා. අපි එතැනින් තමයි පාගමන පටන් ගත්තේ 'බේස් කෑම්ප්' එකට යන්න. අපි පයියා කියන ගමේ ඉදලා පළවෙනි දවසේ කිලෝමීටර් 16ක් ඇවිද්දා පාර්ක්දින් කියන ගමට. එදා රෑ දවස අපි එතන ඉදලා අපි දෙවැනි දවසේ ගමන ආරම්භ කළා නම්චේ බසාර් දක්වා. අපි එක දවසක් නම්චේ බසාර් වල විවේක ගන්න වෙන් කරලා තිබ්බා.''

''ඒත් අපි රෙස්ට් ඩේ එකේදී කළේ මුහුදු මට්ටමේ ඉදලා මීටර් 3,880ක් උසකින් තියෙන එවරස්ට් විව් කියන හෝටලය තියෙන තැනට පාගමනින් ගියපු එක. මෙතනට ගියේ අපේ ඇගවල් ඉහළ උසකින් තියෙන පරිසරයට පුරුදු ද කියලා බලන එකයි මේකෙන් කළේ. එතනට ගිහිල්ලා අපි ආපහු නම්චේ බසාර් වලට ආවා.''

''අපි ඊට පස්සේ නම්චේ බසාර් ඉදලා ගමන ආරම්භ කලේ පැන්ග්බොචේ කියන ප්‍රදේශයට ආවා. ඇවිල්ලා එතන තියෙන අමා ඩබ්ලම් කියන 'බේස් කෑම්ප්' එකට ගියා. ඒක මුහුදු මට්ටමේ ඉදලා මීටර් 4,600ක් උසකින් තියෙන තැනක්. මෙතනට අපි ආවේ තවත් ඉහළට යන්න අපේ ඇඟවල් සුදානම් කර ගන්න අවශ්‍ය නිසා. මේ ගමනේදී අපි අරන් ගිය වතුර ගෙනියන වෝටර් බෑග්ස් වල අයිස් වෙලා තිබුණා. ඒ තරම් සීතලක් තිබුනා එතන.''

''අපි මේ වගේ තවත් දවස් 03ක් පාගමනින් ගිහින් තමයි ගොරක්ෂේප් වලට ආවා. එතැන ඉදලා තමයි අපි බේස් කෑම්ප් එකට නගින්න පටන් ගත්තේ. සාමාන්‍යයෙන් අපි ජීප් එකෙන් ගියපු ගමනේ ඉදලා දවස් 07ක් වගේ ඇවිද්දා ගොරක්ෂේප් වලට. මේ හැම දවසකම අපි කලේ කන්දක් නැගලා ඒ කන්ද බහින එක. සාමාන්‍යයෙන් කිලෝමීටර් 15-18ත් අතර දුරක් ඇවිදින්න වුනා. මොකද මේ ගමන අපි සාමාන්‍යයෙන් එක පාර වගේ ඇවිදගෙන යන්න බැහැ' ජයසංක පැවසුවේය.

''ක්‍රමයෙන් මුහුදු මට්ටමට වඩා උසින් ඉහළට ගමන් කිරීමේදී ඔක්සිජන් මට්ටම අවම නිසා තමන්ට එහි බලපෑම දැණුනු බවත්, ශරීරයේ ඔක්සිජන් මට්ටම අඩු වීම නිසා එක් අයෙකුව නැවත ගුවන් මගින් කත්මණ්ඩු දක්වා යැවීමට සිදුවූ බව ඔහු පැවසුවේය.

''උස වැඩි වෙන්න ඔක්සිජන් මට්ටම අඩු වෙනවා. ඒක මට හොදටම දැනුණා. මිනිත්තු 05ක් ඇවිදිගෙන යන කොට හතියක් එනවා. කොටින්ම කියනවානම් සපත්තුවේ ලේස් එක ගැට ගහන්න පහත් වෙන්න පවා අමාරු වුණා.''

''ඇගේ ඔක්සිජන් මට්ටම අඩු වෙච්ච නිසා අපිත් එක්ක ගියපු මල්ලි කෙනෙක්ව ගොරක්ෂේප් ඉදලා ආපහු කත්මණ්ඩු වලට හෙලිකොප්ටර් එකක් ආධාරයෙන් එවන්න වුණා හදිසි තත්ත්වයක් ඇති වුණ නිසා. එයාගේ ඇගේ ඔක්සිජන් මට්ටම සීයයට 36ක් වෙනකම් අඩු වුණා. එයාට ඔක්සිජන් පවා දෙන්න වුණා.''

''මුහුදු මට්ටමේ ඉදලා මීටර් 5000කට වැඩිය උසින් තියෙන නිසා එතන ඉන්න අය අපිට කිව්වේ සීසන් එකෙන් පස්සේ එයාලා ආපහු නැවත පල්ලෙහාට යනවා කියලා. ඒ තරම් අමාරුයි මේ ප්‍රදේශයේ ඉන්න.''

''අපිට ගොරක්ෂේප් ඉදලා 'බේස් කෑම්ප්' වලට කිලෝමීටර් 04ක දුරක් යන්න තිබ්බා. අපි අපේ බෑග්ස් ඔක්කොම එතන තියලා ඒ කිලෝමීටර් 04 ඇවිද්දා 'බේස් කෑම්ප්' එකට. ගිහින් එහෙ ඉදලා ආපහු ගොරක්ෂේප් වලටම ආවා එදා රෑ. මේ ආපහු එන ගමනේදී අපිට පාර වැරදුණා. නමුත් අපේ ගයිඩ් අපිට පාර පෙන්නගෙන නතර වෙච්ච තැනට එක්කන් ආවා. එද්දී ලොකු සීතලක් දැනුණා.''

''ඒ ලේවල් එකේ ජීවත් වෙනවා කියන එක ලේසි නැහැ කියන එක මම තේරුම් ගත්තා. අපි එලියට ගිහින් කාමරේට ආවට පස්සේ අපේ හාර්ට් රේට් එක අඩුවෙන්න ලොකු වෙලාවක් ගියා. මේකට කියන්නේ 'මවුන්ටන් සික්නස්' කියලා. අපිට එහෙදි ගයිඩ් බෙහෙත් පවා දුන්නා. මුහුදු මට්ටමේ ඉදලා උසට යන්න යන්න මේක ඇතිවෙනවා. ඒක තමයි මේකේ තියෙන අමාරුම හරිය.''

""තව විශේෂම දේ තමයි අපි මේ ගමනේදී කිසිම පෝටර්වරයෙකු ගේ සහයක් ලබා ගත්තේ නැහැ. සාමාන්‍යයෙන් කිලෝග්‍රෑම් 12කට වැඩිය බරක් තිබ්බ අපේ බෑග් අපිමයි උස්සගෙන ගියේ.""

''එවරස්ට් කන්ද තරණය කරනවා කියන එක ලේසි දෙයක් නෙමෙයි, නමුත් කවදා හරි ඒක කරන්න පුළුවන් වෙයි කියලා බලාපොරොත්තුවෙන් ඉන්නවා. ඒ වගේම වෙනත් රටවල තියෙන කඳු තරණය කරන්න බලාපොරොත්තුවක් තියෙනවා.' ඔහු වැඩිදුරටත් පැවසුවේය.",Center,Center,Center,3
f32cb745-18a8-5d7d-a3df-9bc96e996d9f,BBC Sinhala,https://www.bbc.com/sinhala/articles/cx275123vd0o,2025-09-25 00:00:00+00:00,මීටර් 150ක් වගේ දුරට උඩින් විසිවෙලා තිබුණා': නා උයනේ අනතුරින් අපවත් වූ භික්ෂූන් 7 දෙනා කවුද?,"මීටර් 150ක් වගේ දුරට උඩින් විසිවෙලා තිබුණා': නා උයනේ අනතුරින් අපවත් වූ භික්ෂූන් 7 දෙනා කවුද?

මැල්සිරිපුර, පන්සියගම පිහිටි නා උයන ආරණ්‍ය සේනාසනයේ වැඩ වාසය කරන ස්වාමීන් වහන්සේලා 13 නමක් ගමන් ගත් ඩක්කුවක් හදිසි අනතුරකට ලක්වීමෙන් විදෙස් භික්ෂූන් වහන්සේ ඇතුළු භික්ෂූන් වහන්සේලා 7 දෙනෙක් අපවත් වූහ.

පොලිසිය පවසන්නේ, ජීවිතක්ෂයට පත්වූ භික්ෂූන් අතර විදේශීය භික්ෂූන් වහන්සේ 3 දෙනෙකු ද වන බව ය.

ඔවුන්, ඉන්දීය, රුසියානු සහ රුමේනියානු ජාතිකයින් බව අනාවරණය වී තිබේ.

පොලිසිය පැවසුවේ, උන් වහන්සේලා අවුරුදු 27ත් 47ත් අතර වයස්වල පසුවන්නන් බව ය.

බරපතළ තුවාල ලැබූ භික්ෂූන් වහන්සේලා 6 දෙනෙකු මේ වන විට කුරුණෑගල ඇතුළු රෝහල් කිහිපයක ප්‍රතිකාර ලබන අතර ඔවුන් සියලු දෙනා මෙරට භික්ෂූන් වහන්සේලා ය.

මෙම අනතුරෙන් අපවත් වූ ස්වාමීන් වහන්සේලා අතර මෙරට භික්ෂූන් වහන්සේලා සිව් දෙනෙක් වූහ.

අද පාර්ලිමේන්තුවේදී සංස්කෘතික කටයුතු අමාත්‍ය මහාචාර්ය හිනිඳුම සුනිල් සෙනෙවි පැවසූ පරිදි එම භික්ෂූන් වහන්සේලාගේ නම් පහත දැක්වේ.

මැල්සිරිපුර, නා උයන ආරණ්‍ය සේනාසනයේ භික්ෂූන් වහන්සේලා පිරිසක් පූජා භූමියේ පැවති ආගමික වතාවත් අවසන් කොට භාවනා කුටි වෙත වැඩම කරන අවස්ථාවේ ඊයේ (24) රාත්‍රී 9.00ට පමණ මෙම අනතුර සිදුව තිබිණි.

අනතුර සිදුවන අවස්ථාවේ ඩක්කුව මත භික්ෂූන් වහන්සේ 13 නමක් සිට ඇත.

භික්ෂුන් වහන්සේලා පිරිස භාවනා කුටි පිහිටි කඳු මුදුනට රැගෙන ගිය ඩක්කුවෙහි ආධාරක කම්බියක් කැඩී යාමෙන් ඩක්කුව යළි පහළට ඇදී යාම නිසා මෙම අනතුර සිදුව ඇති බවට පොලිසිය සැක පළ කරයි.

මේ අතර, ආරණ්‍ය සේනාසනයේ භික්ෂුවක අනතුර සිදුව තිබූ අයුරු පැහැදිලි කළේ මෙසේ ය.

""13 නමක් ගිහිල්ල තියෙනවා. (ඩක්කුව) උඩ නවතින්න ඔන්න මෙන්න තියල පල්ලෙහාට ඇවිල්ල.""

ප්‍රදේශවාසියෙකු සඳහන් කළේ, ඩක්කුවේ සිටි භික්ෂූන් වහන්සේලා ""මීටර් 150ක් වගේ දුරට උඩින් ගිහින් විසිවෙලා තිබුණු"" බව ය.

නා උයන ආරණ්‍ය සේනාසනයේ කොළඹ පිහිටි කාර්යාලයේ ප්‍රකාශිකාවක බීබීසී සිංහල සේවය කළ විමසීමකදී පැවසුවේ, එම ඩක්කුව සහ එහි පීල්ල වසර 20ක් පමණ පැරණි බව ය.

කෙසේ වෙතත්, එය නිරන්තරයෙන් පරීක්ෂාවට ලක් වන බවත්, රැහැන කැඩීගොස් ඇත්තේ කෙසේ ද? යන්න සොයා බැලිය යුතු බවත් ඇය සඳහන් කළා ය.

නා උයන ආරණ්‍ය සේනාසනයේ සිට භාවනා කුටි අතර කිලෝමීටරයක පමණ දුරක් පවතින අතර, කඳු මුදුනට නැගීම සඳහා පිය ගැටපෙළක් ඇති අතර, ගමන් පහසුව සඳහා ඩක්කුවක් ද ක්‍රියාත්මක වෙයි.

ඩක්කුවක් කඩා වැටීමෙන් භික්ෂූන් වහන්සේ 7 නමක් අපවත් වීමේ සිද්ධිය සම්බන්ධයෙන් සහ තවත් භික්‍ෂූන් වහන්සේ  6 නමක් තුවාල ලැබීමේ සිද්ධිය සම්බන්ධයෙන් විධිමත් විමර්ශනයක් කර අධිකරණයට කරුණු වාර්තා කරන ලෙස  මහව  මහේස්ත්‍රාත් කංචනී  නර්තනී අභිමානී සෙනෙවිරත්න පන්සියගම පොලිසියට අද (සැප්තැම්බර් 25 වැනිදා) නියෝග කළාය.

මෙම ඩක්කුව කඩා වැටීමේ සිද්ධියට අදාළ විමර්ශන සඳහා යාන්ත්‍රික ඉංජිනේරුවන්ගේ සහය ලබා ගන්නා ලෙසටද මහේස්ත්‍රාත්වරිය  පන්සියගම පොලිසියට  නියෝග කර සිටියාය.

මෙම අනතුරින් අපවත් වී සිටින භික්‍ෂූන් වහන්සේගේ මෘත දේහ සම්බන්ධයෙන් පශ්චාත්  මරණ පරීක්‍ෂණ පවත්වා  ඊට අදාළ පශ්චාත් මරණ පරීක්ෂණ වාර්තා  වෙන් වෙන් වශයෙන් අධිකරණය හමුවට ඉදිරිපත් කරන ලෙසද මහේස්ත්‍රාත්වරිය විසින් කුරුණෑගල ශික්ෂණ රෝහලේ විශේෂඥ අධිකරණ වෛද්‍ය නිලධාරීවරයාට නියෝග කරනු ලැබුවාය.

පශ්චාත් මරණ පරීක්ෂණ පැවැත්වීමෙන් අනතුරුව  අපවත් වූ භික්ෂූන් වහන්සේලාගේ මෘත දේහයන් උන්වහන්සේලාගේ භාරකරුවන් වෙත මුදා හරින ලෙසට   කුරුණෑගල  ශික්ෂණ රෝහලේ විශේෂඥ අධිකරණ වෛද්‍ය නිලධාරීවරයාට නියෝගකළ  මහව මහේස්ත්‍රාත්වරිය  පීලිමතින් දිවෙන ඩක්කුවක්  කඩා වැටීමේ ක්‍රියාවලියේදී යම් අපරාධමය  වරදක් සිදු වී ඇත්ද යන්න පිළිබඳව අධිකරණයට කරුණු වාර්තා කරන ලෙසටද  පන්සියගම පොලිසියට තවදුරටත් නියෝග කර සිටියා ය.

මහව මහේස්ත්‍රාත්වරිය මෙසේ නියෝග කරනුරනු ලැබුවේ  කුරුණෑගල මැල්සිරපුර පන්සියගම පොලිස් වසමේ පිහිටි නා උයන ආරණ්‍ය සේනාසන භූමිය තුළදී පීලි මතින් දිවෙන ඩක්කුවක්  හදිසියේ කඩා වැටීමෙන් ආරණ්‍ය සේනාසනවාසීව සිටි භික්ෂූන් වහන්සේ  හත් නමක් එම ස්ථානයේදීම අපවත් වීමේ සිද්ධිය සම්බන්ධයෙන් සහ තවත් භික්ෂූන් වහන්සේ හය දෙනෙකු තුවාල ලැබීමේ සිද්ධිය සම්බන්ධයෙන් පන්සියයකම පොලිසිය බී වාර්තාවක් මගින් අධිකරණයට කළ කරුණු දැක්වීම සැලකිල්ලට ගනිමිනි.

නා උයන ආරණ්‍ය සේනාසනයේ නිල වෙබ් අඩවියේ දැක්වෙන පරිදි, එය ක්‍රිස්තු පූර්ව 3 වන සියවසේ උත්තිය රජ සමය දක්වා අතීතයට දිව යයි.

අක්කර 5000කට අධික භූමි ප්‍රමාණයක පැතිරී ඇති එම සේනාසනයේ භික්ෂූන් වහන්සේ 200 දෙනෙකුට අධික පිරිසක් නේවාසිකව වාසය කරති.

එය ප්‍රධාන කොටස් 5කට බෙදා තිබේ. ඒ, පහළ ආරාමය, මධ්‍ය කඳුකර කොටස, කොස්පොත කොටස, ආඳාගල කොටස සහ ධර්මායතන කොටස (නා උයන අධ්‍යයන මධ්‍යස්ථානය) යනුවෙනි.
",Right,Center,,2
